filmId,title,releaseYear,rentalDurationDays,rentalRate,maxLateFeePerRental,lastUpdate
FILM-001,ACADEMY DINOSAUR,2006,6,0.99,20.99,2006-02-15T05:03:42Z
FILM-002,ACE GOLDFINGER,2006,3,4.99,12.99,2006-02-15T05:03:42Z
FILM-003,ADAPTATION HOLES,2006,7,2.99,18.99,2006-02-15T05:03:42Z
FILM-004,AFFAIR PREJUDICE,2006,5,2.99,26.99,2006-02-15T05:03:42Z
FILM-005,AFRICAN EGG,2006,6,2.99,22.99,2006-02-15T05:03:42Z
FILM-006,AGENT TRUMAN,2006,3,2.99,17.99,2006-02-15T05:03:42Z
FILM-007,AIRPLANE SIERRA,2006,6,4.99,28.99,2006-02-15T05:03:42Z
FILM-008,AIRPORT POLLOCK,2006,6,4.99,15.99,2006-02-15T05:03:42Z
FILM-009,ALABAMA DEVIL,2006,3,2.99,21.99,2006-02-15T05:03:42Z
FILM-010,ALADDIN CALENDAR,2006,6,4.99,24.99,2006-02-15T05:03:42Z
FILM-011,ALAMO VIDEOTAPE,2006,6,0.99,16.99,2006-02-15T05:03:42Z
FILM-012,ALASKA PHANTOM,2006,6,0.99,22.99,2006-02-15T05:03:42Z
FILM-013,ALI FOREVER,2006,4,4.99,21.99,2006-02-15T05:03:42Z
FILM-014,ALICE FANTASIA,2006,6,0.99,23.99,2006-02-15T05:03:42Z
FILM-015,ALIEN CENTER,2006,5,2.99,10.99,2006-02-15T05:03:42Z
FILM-016,ALLEY EVOLUTION,2006,6,2.99,23.99,2006-02-15T05:03:42Z
FILM-017,ALONE TRIP,2006,3,0.99,14.99,2006-02-15T05:03:42Z
FILM-018,ALTER VICTORY,2006,6,0.99,27.99,2006-02-15T05:03:42Z
FILM-019,AMADEUS HOLY,2006,6,0.99,20.99,2006-02-15T05:03:42Z
FILM-020,AMELIE HELLFIGHTERS,2006,4,4.99,23.99,2006-02-15T05:03:42Z
FILM-021,AMERICAN CIRCUS,2006,3,4.99,17.99,2006-02-15T05:03:42Z
FILM-022,AMISTAD MIDSUMMER,2006,6,2.99,10.99,2006-02-15T05:03:42Z
FILM-023,ANACONDA CONFESSIONS,2006,3,0.99,9.99,2006-02-15T05:03:42Z
FILM-024,ANALYZE HOOSIERS,2006,6,2.99,19.99,2006-02-15T05:03:42Z
FILM-025,ANGELS LIFE,2006,3,2.99,15.99,2006-02-15T05:03:42Z
FILM-026,ANNIE IDENTITY,2006,3,0.99,15.99,2006-02-15T05:03:42Z
FILM-027,ANONYMOUS HUMAN,2006,7,0.99,12.99,2006-02-15T05:03:42Z
FILM-028,ANTHEM LUKE,2006,5,4.99,16.99,2006-02-15T05:03:42Z
FILM-029,ANTITRUST TOMATOES,2006,5,2.99,11.99,2006-02-15T05:03:42Z
FILM-030,ANYTHING SAVANNAH,2006,4,2.99,27.99,2006-02-15T05:03:42Z
FILM-031,APACHE DIVINE,2006,5,4.99,16.99,2006-02-15T05:03:42Z
FILM-032,APOCALYPSE FLAMINGOS,2006,6,4.99,11.99,2006-02-15T05:03:42Z
FILM-033,APOLLO TEEN,2006,5,2.99,15.99,2006-02-15T05:03:42Z
FILM-034,ARABIA DOGMA,2006,6,0.99,29.99,2006-02-15T05:03:42Z
FILM-035,ARACHNOPHOBIA ROLLERCOASTER,2006,4,2.99,24.99,2006-02-15T05:03:42Z
FILM-036,ARGONAUTS TOWN,2006,7,0.99,12.99,2006-02-15T05:03:42Z
FILM-037,ARIZONA BANG,2006,3,2.99,28.99,2006-02-15T05:03:42Z
FILM-038,ARK RIDGEMONT,2006,6,0.99,25.99,2006-02-15T05:03:42Z
FILM-039,ARMAGEDDON LOST,2006,5,0.99,10.99,2006-02-15T05:03:42Z
FILM-040,ARMY FLINTSTONES,2006,4,0.99,22.99,2006-02-15T05:03:42Z
FILM-041,ARSENIC INDEPENDENCE,2006,4,0.99,17.99,2006-02-15T05:03:42Z
FILM-042,ARTIST COLDBLOODED,2006,5,2.99,10.99,2006-02-15T05:03:42Z
FILM-043,ATLANTIS CAUSE,2006,6,2.99,15.99,2006-02-15T05:03:42Z
FILM-044,ATTACKS HATE,2006,5,4.99,21.99,2006-02-15T05:03:42Z
FILM-045,ATTRACTION NEWTON,2006,5,4.99,14.99,2006-02-15T05:03:42Z
FILM-046,AUTUMN CROW,2006,3,4.99,13.99,2006-02-15T05:03:42Z
FILM-047,BABY HALL,2006,5,4.99,23.99,2006-02-15T05:03:42Z
FILM-048,BACKLASH UNDEFEATED,2006,3,4.99,24.99,2006-02-15T05:03:42Z
FILM-049,BADMAN DAWN,2006,6,2.99,22.99,2006-02-15T05:03:42Z
FILM-050,BAKED CLEOPATRA,2006,3,2.99,20.99,2006-02-15T05:03:42Z
FILM-051,BALLOON HOMEWARD,2006,5,2.99,10.99,2006-02-15T05:03:42Z
FILM-052,BALLROOM MOCKINGBIRD,2006,6,0.99,29.99,2006-02-15T05:03:42Z
FILM-053,BANG KWAI,2006,5,2.99,25.99,2006-02-15T05:03:42Z
FILM-054,BANGER PINOCCHIO,2006,5,0.99,15.99,2006-02-15T05:03:42Z
FILM-055,BARBARELLA STREETCAR,2006,6,2.99,27.99,2006-02-15T05:03:42Z
FILM-056,BAREFOOT MANCHURIAN,2006,6,2.99,15.99,2006-02-15T05:03:42Z
FILM-057,BASIC EASY,2006,4,2.99,18.99,2006-02-15T05:03:42Z
FILM-058,BEACH HEARTBREAKERS,2006,6,2.99,16.99,2006-02-15T05:03:42Z
FILM-059,BEAR GRACELAND,2006,4,2.99,20.99,2006-02-15T05:03:42Z
FILM-060,BEAST HUNCHBACK,2006,3,4.99,22.99,2006-02-15T05:03:42Z
FILM-061,BEAUTY GREASE,2006,5,4.99,28.99,2006-02-15T05:03:42Z
FILM-062,BED HIGHBALL,2006,5,2.99,23.99,2006-02-15T05:03:42Z
FILM-063,BEDAZZLED MARRIED,2006,6,0.99,21.99,2006-02-15T05:03:42Z
FILM-064,BEETHOVEN EXORCIST,2006,6,0.99,26.99,2006-02-15T05:03:42Z
FILM-065,BEHAVIOR RUNAWAY,2006,3,4.99,20.99,2006-02-15T05:03:42Z
FILM-066,BENEATH RUSH,2006,6,0.99,27.99,2006-02-15T05:03:42Z
FILM-067,BERETS AGENT,2006,5,2.99,24.99,2006-02-15T05:03:42Z
FILM-068,BETRAYED REAR,2006,5,4.99,26.99,2006-02-15T05:03:42Z
FILM-069,BEVERLY OUTLAW,2006,3,2.99,21.99,2006-02-15T05:03:42Z
FILM-070,BIKINI BORROWERS,2006,7,4.99,26.99,2006-02-15T05:03:42Z
FILM-071,BILKO ANONYMOUS,2006,3,4.99,25.99,2006-02-15T05:03:42Z
FILM-072,BILL OTHERS,2006,6,2.99,12.99,2006-02-15T05:03:42Z
FILM-073,BINGO TALENTED,2006,5,2.99,22.99,2006-02-15T05:03:42Z
FILM-074,BIRCH ANTITRUST,2006,4,4.99,18.99,2006-02-15T05:03:42Z
FILM-075,BIRD INDEPENDENCE,2006,6,4.99,14.99,2006-02-15T05:03:42Z
FILM-076,BIRDCAGE CASPER,2006,4,0.99,23.99,2006-02-15T05:03:42Z
FILM-077,BIRDS PERDITION,2006,5,4.99,15.99,2006-02-15T05:03:42Z
FILM-078,BLACKOUT PRIVATE,2006,7,2.99,12.99,2006-02-15T05:03:42Z
FILM-079,BLADE POLISH,2006,5,0.99,10.99,2006-02-15T05:03:42Z
FILM-080,BLANKET BEVERLY,2006,7,2.99,21.99,2006-02-15T05:03:42Z
FILM-081,BLINDNESS GUN,2006,6,4.99,29.99,2006-02-15T05:03:42Z
FILM-082,BLOOD ARGONAUTS,2006,3,0.99,13.99,2006-02-15T05:03:42Z
FILM-083,BLUES INSTINCT,2006,5,2.99,18.99,2006-02-15T05:03:42Z
FILM-084,BOILED DARES,2006,7,4.99,13.99,2006-02-15T05:03:42Z
FILM-085,BONNIE HOLOCAUST,2006,4,0.99,29.99,2006-02-15T05:03:42Z
FILM-086,BOOGIE AMELIE,2006,6,4.99,11.99,2006-02-15T05:03:42Z
FILM-087,BOONDOCK BALLROOM,2006,7,0.99,14.99,2006-02-15T05:03:42Z
FILM-088,BORN SPINAL,2006,7,4.99,17.99,2006-02-15T05:03:42Z
FILM-089,BORROWERS BEDAZZLED,2006,7,0.99,22.99,2006-02-15T05:03:42Z
FILM-090,BOULEVARD MOB,2006,3,0.99,11.99,2006-02-15T05:03:42Z
FILM-091,BOUND CHEAPER,2006,5,0.99,17.99,2006-02-15T05:03:42Z
FILM-092,BOWFINGER GABLES,2006,7,4.99,19.99,2006-02-15T05:03:42Z
FILM-093,BRANNIGAN SUNRISE,2006,4,4.99,27.99,2006-02-15T05:03:42Z
FILM-094,BRAVEHEART HUMAN,2006,7,2.99,14.99,2006-02-15T05:03:42Z
FILM-095,BREAKFAST GOLDFINGER,2006,5,4.99,18.99,2006-02-15T05:03:42Z
FILM-096,BREAKING HOME,2006,4,2.99,21.99,2006-02-15T05:03:42Z
FILM-097,BRIDE INTRIGUE,2006,7,0.99,24.99,2006-02-15T05:03:42Z
FILM-098,BRIGHT ENCOUNTERS,2006,4,4.99,12.99,2006-02-15T05:03:42Z
FILM-099,BRINGING HYSTERICAL,2006,7,2.99,14.99,2006-02-15T05:03:42Z
FILM-100,BROOKLYN DESERT,2006,7,4.99,21.99,2006-02-15T05:03:42Z
FILM-101,BROTHERHOOD BLANKET,2006,3,0.99,26.99,2006-02-15T05:03:42Z
FILM-102,BUBBLE GROSSE,2006,4,4.99,20.99,2006-02-15T05:03:42Z
FILM-103,BUCKET BROTHERHOOD,2006,7,4.99,27.99,2006-02-15T05:03:42Z
FILM-104,BUGSY SONG,2006,4,2.99,17.99,2006-02-15T05:03:42Z
FILM-105,BULL SHAWSHANK,2006,6,0.99,21.99,2006-02-15T05:03:42Z
FILM-106,BULWORTH COMMANDMENTS,2006,4,2.99,14.99,2006-02-15T05:03:42Z
FILM-107,BUNCH MINDS,2006,4,2.99,13.99,2006-02-15T05:03:42Z
FILM-108,BUTCH PANTHER,2006,6,0.99,19.99,2006-02-15T05:03:42Z
FILM-109,BUTTERFLY CHOCOLAT,2006,3,0.99,17.99,2006-02-15T05:03:42Z
FILM-110,CABIN FLASH,2006,4,0.99,25.99,2006-02-15T05:03:42Z
FILM-111,CADDYSHACK JEDI,2006,3,0.99,17.99,2006-02-15T05:03:42Z
FILM-112,CALENDAR GUNFIGHT,2006,4,4.99,22.99,2006-02-15T05:03:42Z
FILM-113,CALIFORNIA BIRDS,2006,4,4.99,19.99,2006-02-15T05:03:42Z
FILM-114,CAMELOT VACATION,2006,3,0.99,26.99,2006-02-15T05:03:42Z
FILM-115,CAMPUS REMEMBER,2006,5,2.99,27.99,2006-02-15T05:03:42Z
FILM-116,CANDIDATE PERDITION,2006,4,2.99,10.99,2006-02-15T05:03:42Z
FILM-117,CANDLES GRAPES,2006,6,4.99,15.99,2006-02-15T05:03:42Z
FILM-118,CANYON STOCK,2006,7,0.99,26.99,2006-02-15T05:03:42Z
FILM-119,CAPER MOTIONS,2006,6,0.99,22.99,2006-02-15T05:03:42Z
FILM-120,CARIBBEAN LIBERTY,2006,3,4.99,16.99,2006-02-15T05:03:42Z
FILM-121,CAROL TEXAS,2006,4,2.99,15.99,2006-02-15T05:03:42Z
FILM-122,CARRIE BUNCH,2006,7,0.99,11.99,2006-02-15T05:03:42Z
FILM-123,CASABLANCA SUPER,2006,6,4.99,22.99,2006-02-15T05:03:42Z
FILM-124,CASPER DRAGONFLY,2006,3,4.99,16.99,2006-02-15T05:03:42Z
FILM-125,CASSIDY WYOMING,2006,5,2.99,19.99,2006-02-15T05:03:42Z
FILM-126,CASUALTIES ENCINO,2006,3,4.99,16.99,2006-02-15T05:03:42Z
FILM-127,CAT CONEHEADS,2006,5,4.99,14.99,2006-02-15T05:03:42Z
FILM-128,CATCH AMISTAD,2006,7,0.99,10.99,2006-02-15T05:03:42Z
FILM-129,CAUSE DATE,2006,3,2.99,16.99,2006-02-15T05:03:42Z
FILM-130,CELEBRITY HORN,2006,7,0.99,24.99,2006-02-15T05:03:42Z
FILM-131,CENTER DINOSAUR,2006,5,4.99,12.99,2006-02-15T05:03:42Z
FILM-132,CHAINSAW UPTOWN,2006,6,0.99,25.99,2006-02-15T05:03:42Z
FILM-133,CHAMBER ITALIAN,2006,7,4.99,14.99,2006-02-15T05:03:42Z
FILM-134,CHAMPION FLATLINERS,2006,4,4.99,21.99,2006-02-15T05:03:42Z
FILM-135,CHANCE RESURRECTION,2006,3,2.99,22.99,2006-02-15T05:03:42Z
FILM-136,CHAPLIN LICENSE,2006,7,2.99,26.99,2006-02-15T05:03:42Z
FILM-137,CHARADE DUFFEL,2006,3,2.99,21.99,2006-02-15T05:03:42Z
FILM-138,CHARIOTS CONSPIRACY,2006,5,2.99,29.99,2006-02-15T05:03:42Z
FILM-139,CHASING FIGHT,2006,7,4.99,21.99,2006-02-15T05:03:42Z
FILM-140,CHEAPER CLYDE,2006,6,0.99,23.99,2006-02-15T05:03:42Z
FILM-141,CHICAGO NORTH,2006,6,4.99,11.99,2006-02-15T05:03:42Z
FILM-142,CHICKEN HELLFIGHTERS,2006,3,0.99,24.99,2006-02-15T05:03:42Z
FILM-143,CHILL LUCK,2006,6,0.99,17.99,2006-02-15T05:03:42Z
FILM-144,CHINATOWN GLADIATOR,2006,7,4.99,24.99,2006-02-15T05:03:42Z
FILM-145,CHISUM BEHAVIOR,2006,5,4.99,25.99,2006-02-15T05:03:42Z
FILM-146,CHITTY LOCK,2006,6,2.99,24.99,2006-02-15T05:03:42Z
FILM-147,CHOCOLAT HARRY,2006,5,0.99,16.99,2006-02-15T05:03:42Z
FILM-148,CHOCOLATE DUCK,2006,3,2.99,13.99,2006-02-15T05:03:42Z
FILM-149,CHRISTMAS MOONSHINE,2006,7,0.99,21.99,2006-02-15T05:03:42Z
FILM-150,CIDER DESIRE,2006,7,2.99,9.99,2006-02-15T05:03:42Z
FILM-151,CINCINATTI WHISPERER,2006,5,4.99,26.99,2006-02-15T05:03:42Z
FILM-152,CIRCUS YOUTH,2006,5,2.99,13.99,2006-02-15T05:03:42Z
FILM-153,CITIZEN SHREK,2006,7,0.99,18.99,2006-02-15T05:03:42Z
FILM-154,CLASH FREDDY,2006,6,2.99,12.99,2006-02-15T05:03:42Z
FILM-155,CLEOPATRA DEVIL,2006,6,0.99,26.99,2006-02-15T05:03:42Z
FILM-156,CLERKS ANGELS,2006,3,4.99,15.99,2006-02-15T05:03:42Z
FILM-157,CLOCKWORK PARADISE,2006,7,0.99,29.99,2006-02-15T05:03:42Z
FILM-158,CLONES PINOCCHIO,2006,6,2.99,16.99,2006-02-15T05:03:42Z
FILM-159,CLOSER BANG,2006,5,4.99,12.99,2006-02-15T05:03:42Z
FILM-160,CLUB GRAFFITI,2006,4,0.99,12.99,2006-02-15T05:03:42Z
FILM-161,CLUE GRAIL,2006,6,4.99,27.99,2006-02-15T05:03:42Z
FILM-162,CLUELESS BUCKET,2006,4,2.99,13.99,2006-02-15T05:03:42Z
FILM-163,CLYDE THEORY,2006,4,0.99,29.99,2006-02-15T05:03:42Z
FILM-164,COAST RAINBOW,2006,4,0.99,20.99,2006-02-15T05:03:42Z
FILM-165,COLDBLOODED DARLING,2006,7,4.99,27.99,2006-02-15T05:03:42Z
FILM-166,COLOR PHILADELPHIA,2006,6,2.99,19.99,2006-02-15T05:03:42Z
FILM-167,COMA HEAD,2006,6,4.99,10.99,2006-02-15T05:03:42Z
FILM-168,COMANCHEROS ENEMY,2006,5,0.99,23.99,2006-02-15T05:03:42Z
FILM-169,COMFORTS RUSH,2006,3,2.99,19.99,2006-02-15T05:03:42Z
FILM-170,COMMAND DARLING,2006,5,4.99,28.99,2006-02-15T05:03:42Z
FILM-171,COMMANDMENTS EXPRESS,2006,6,4.99,13.99,2006-02-15T05:03:42Z
FILM-172,CONEHEADS SMOOCHY,2006,7,4.99,12.99,2006-02-15T05:03:42Z
FILM-173,CONFESSIONS MAGUIRE,2006,7,4.99,25.99,2006-02-15T05:03:42Z
FILM-174,CONFIDENTIAL INTERVIEW,2006,6,4.99,13.99,2006-02-15T05:03:42Z
FILM-175,CONFUSED CANDLES,2006,3,2.99,27.99,2006-02-15T05:03:42Z
FILM-176,CONGENIALITY QUEST,2006,6,0.99,21.99,2006-02-15T05:03:42Z
FILM-177,CONNECTICUT TRAMP,2006,4,4.99,20.99,2006-02-15T05:03:42Z
FILM-178,CONNECTION MICROCOSMOS,2006,6,0.99,25.99,2006-02-15T05:03:42Z
FILM-179,CONQUERER NUTS,2006,4,4.99,14.99,2006-02-15T05:03:42Z
FILM-180,CONSPIRACY SPIRIT,2006,4,2.99,27.99,2006-02-15T05:03:42Z
FILM-181,CONTACT ANONYMOUS,2006,7,2.99,10.99,2006-02-15T05:03:42Z
FILM-182,CONTROL ANTHEM,2006,7,4.99,9.99,2006-02-15T05:03:42Z
FILM-183,CONVERSATION DOWNHILL,2006,4,4.99,14.99,2006-02-15T05:03:42Z
FILM-184,CORE SUIT,2006,3,2.99,24.99,2006-02-15T05:03:42Z
FILM-185,COWBOY DOOM,2006,3,2.99,10.99,2006-02-15T05:03:42Z
FILM-186,CRAFT OUTFIELD,2006,6,0.99,17.99,2006-02-15T05:03:42Z
FILM-187,CRANES RESERVOIR,2006,5,2.99,12.99,2006-02-15T05:03:42Z
FILM-188,CRAZY HOME,2006,7,2.99,24.99,2006-02-15T05:03:42Z
FILM-189,CREATURES SHAKESPEARE,2006,3,0.99,23.99,2006-02-15T05:03:42Z
FILM-190,CREEPERS KANE,2006,5,4.99,23.99,2006-02-15T05:03:42Z
FILM-191,CROOKED FROGMEN,2006,6,0.99,27.99,2006-02-15T05:03:42Z
FILM-192,CROSSING DIVORCE,2006,4,4.99,19.99,2006-02-15T05:03:42Z
FILM-193,CROSSROADS CASUALTIES,2006,5,2.99,20.99,2006-02-15T05:03:42Z
FILM-194,CROW GREASE,2006,6,0.99,22.99,2006-02-15T05:03:42Z
FILM-195,CROWDS TELEMARK,2006,3,4.99,16.99,2006-02-15T05:03:42Z
FILM-196,CRUELTY UNFORGIVEN,2006,7,0.99,29.99,2006-02-15T05:03:42Z
FILM-197,CRUSADE HONEY,2006,4,2.99,27.99,2006-02-15T05:03:42Z
FILM-198,CRYSTAL BREAKING,2006,6,2.99,22.99,2006-02-15T05:03:42Z
FILM-199,CUPBOARD SINNERS,2006,4,2.99,29.99,2006-02-15T05:03:42Z
FILM-200,CURTAIN VIDEOTAPE,2006,7,0.99,27.99,2006-02-15T05:03:42Z
FILM-201,CYCLONE FAMILY,2006,7,2.99,18.99,2006-02-15T05:03:42Z
FILM-202,DADDY PITTSBURGH,2006,5,4.99,26.99,2006-02-15T05:03:42Z
FILM-203,DAISY MENAGERIE,2006,5,4.99,9.99,2006-02-15T05:03:42Z
FILM-204,DALMATIONS SWEDEN,2006,4,0.99,25.99,2006-02-15T05:03:42Z
FILM-205,DANCES NONE,2006,3,0.99,22.99,2006-02-15T05:03:42Z
FILM-206,DANCING FEVER,2006,6,0.99,25.99,2006-02-15T05:03:42Z
FILM-207,DANGEROUS UPTOWN,2006,7,4.99,26.99,2006-02-15T05:03:42Z
FILM-208,DARES PLUTO,2006,7,2.99,16.99,2006-02-15T05:03:42Z
FILM-209,DARKNESS WAR,2006,6,2.99,24.99,2006-02-15T05:03:42Z
FILM-210,DARKO DORADO,2006,3,4.99,13.99,2006-02-15T05:03:42Z
FILM-211,DARLING BREAKING,2006,7,4.99,20.99,2006-02-15T05:03:42Z
FILM-212,DARN FORRESTER,2006,7,4.99,14.99,2006-02-15T05:03:42Z
FILM-213,DATE SPEED,2006,4,0.99,19.99,2006-02-15T05:03:42Z
FILM-214,DAUGHTER MADIGAN,2006,3,4.99,13.99,2006-02-15T05:03:42Z
FILM-215,DAWN POND,2006,4,4.99,27.99,2006-02-15T05:03:42Z
FILM-216,DAY UNFAITHFUL,2006,3,4.99,16.99,2006-02-15T05:03:42Z
FILM-217,DAZED PUNK,2006,6,4.99,20.99,2006-02-15T05:03:42Z
FILM-218,DECEIVER BETRAYED,2006,7,0.99,22.99,2006-02-15T05:03:42Z
FILM-219,DEEP CRUSADE,2006,6,4.99,20.99,2006-02-15T05:03:42Z
FILM-220,DEER VIRGINIAN,2006,7,2.99,13.99,2006-02-15T05:03:42Z
FILM-221,DELIVERANCE MULHOLLAND,2006,4,0.99,9.99,2006-02-15T05:03:42Z
FILM-222,DESERT POSEIDON,2006,4,4.99,27.99,2006-02-15T05:03:42Z
FILM-223,DESIRE ALIEN,2006,7,2.99,24.99,2006-02-15T05:03:42Z
FILM-224,DESPERATE TRAINSPOTTING,2006,7,4.99,29.99,2006-02-15T05:03:42Z
FILM-225,DESTINATION JERK,2006,3,0.99,19.99,2006-02-15T05:03:42Z
FILM-226,DESTINY SATURDAY,2006,4,4.99,20.99,2006-02-15T05:03:42Z
FILM-227,DETAILS PACKER,2006,4,4.99,17.99,2006-02-15T05:03:42Z
FILM-228,DETECTIVE VISION,2006,4,0.99,16.99,2006-02-15T05:03:42Z
FILM-229,DEVIL DESIRE,2006,6,4.99,12.99,2006-02-15T05:03:42Z
FILM-230,DIARY PANIC,2006,7,2.99,20.99,2006-02-15T05:03:42Z
FILM-231,DINOSAUR SECRETARY,2006,7,2.99,27.99,2006-02-15T05:03:42Z
FILM-232,DIRTY ACE,2006,7,2.99,29.99,2006-02-15T05:03:42Z
FILM-233,DISCIPLE MOTHER,2006,3,0.99,17.99,2006-02-15T05:03:42Z
FILM-234,DISTURBING SCARFACE,2006,6,2.99,27.99,2006-02-15T05:03:42Z
FILM-235,DIVIDE MONSTER,2006,6,2.99,13.99,2006-02-15T05:03:42Z
FILM-236,DIVINE RESURRECTION,2006,4,2.99,19.99,2006-02-15T05:03:42Z
FILM-237,DIVORCE SHINING,2006,3,2.99,21.99,2006-02-15T05:03:42Z
FILM-238,DOCTOR GRAIL,2006,4,2.99,29.99,2006-02-15T05:03:42Z
FILM-239,DOGMA FAMILY,2006,5,4.99,16.99,2006-02-15T05:03:42Z
FILM-240,DOLLS RAGE,2006,7,2.99,10.99,2006-02-15T05:03:42Z
FILM-241,DONNIE ALLEY,2006,4,0.99,20.99,2006-02-15T05:03:42Z
FILM-242,DOOM DANCING,2006,4,0.99,13.99,2006-02-15T05:03:42Z
FILM-243,DOORS PRESIDENT,2006,3,4.99,22.99,2006-02-15T05:03:42Z
FILM-244,DORADO NOTTING,2006,5,4.99,26.99,2006-02-15T05:03:42Z
FILM-245,DOUBLE WRATH,2006,4,0.99,28.99,2006-02-15T05:03:42Z
FILM-246,DOUBTFIRE LABYRINTH,2006,5,4.99,16.99,2006-02-15T05:03:42Z
FILM-247,DOWNHILL ENOUGH,2006,3,0.99,19.99,2006-02-15T05:03:42Z
FILM-248,DOZEN LION,2006,6,4.99,20.99,2006-02-15T05:03:42Z
FILM-249,DRACULA CRYSTAL,2006,7,0.99,26.99,2006-02-15T05:03:42Z
FILM-250,DRAGON SQUAD,2006,4,0.99,26.99,2006-02-15T05:03:42Z
FILM-251,DRAGONFLY STRANGERS,2006,6,4.99,19.99,2006-02-15T05:03:42Z
FILM-252,DREAM PICKUP,2006,6,2.99,18.99,2006-02-15T05:03:42Z
FILM-253,DRIFTER COMMANDMENTS,2006,5,4.99,18.99,2006-02-15T05:03:42Z
FILM-254,DRIVER ANNIE,2006,4,2.99,11.99,2006-02-15T05:03:42Z
FILM-255,DRIVING POLISH,2006,6,4.99,21.99,2006-02-15T05:03:42Z
FILM-256,DROP WATERFRONT,2006,6,4.99,20.99,2006-02-15T05:03:42Z
FILM-257,DRUMLINE CYCLONE,2006,3,0.99,14.99,2006-02-15T05:03:42Z
FILM-258,DRUMS DYNAMITE,2006,6,0.99,11.99,2006-02-15T05:03:42Z
FILM-259,DUCK RACER,2006,4,2.99,15.99,2006-02-15T05:03:42Z
FILM-260,DUDE BLINDNESS,2006,3,4.99,9.99,2006-02-15T05:03:42Z
FILM-261,DUFFEL APOCALYPSE,2006,5,0.99,13.99,2006-02-15T05:03:42Z
FILM-262,DUMBO LUST,2006,5,0.99,17.99,2006-02-15T05:03:42Z
FILM-263,DURHAM PANKY,2006,6,4.99,14.99,2006-02-15T05:03:42Z
FILM-264,DWARFS ALTER,2006,6,2.99,13.99,2006-02-15T05:03:42Z
FILM-265,DYING MAKER,2006,5,4.99,28.99,2006-02-15T05:03:42Z
FILM-266,DYNAMITE TARZAN,2006,4,0.99,27.99,2006-02-15T05:03:42Z
FILM-267,EAGLES PANKY,2006,4,4.99,14.99,2006-02-15T05:03:42Z
FILM-268,EARLY HOME,2006,6,4.99,27.99,2006-02-15T05:03:42Z
FILM-269,EARRING INSTINCT,2006,3,0.99,22.99,2006-02-15T05:03:42Z
FILM-270,EARTH VISION,2006,7,0.99,29.99,2006-02-15T05:03:42Z
FILM-271,EASY GLADIATOR,2006,5,4.99,12.99,2006-02-15T05:03:42Z
FILM-272,EDGE KISSING,2006,5,4.99,9.99,2006-02-15T05:03:42Z
FILM-273,EFFECT GLADIATOR,2006,6,0.99,14.99,2006-02-15T05:03:42Z
FILM-274,EGG IGBY,2006,4,2.99,20.99,2006-02-15T05:03:42Z
FILM-275,EGYPT TENENBAUMS,2006,3,0.99,11.99,2006-02-15T05:03:42Z
FILM-276,ELEMENT FREDDY,2006,6,4.99,28.99,2006-02-15T05:03:42Z
FILM-277,ELEPHANT TROJAN,2006,4,4.99,24.99,2006-02-15T05:03:42Z
FILM-278,ELF MURDER,2006,4,4.99,19.99,2006-02-15T05:03:42Z
FILM-279,ELIZABETH SHANE,2006,7,4.99,11.99,2006-02-15T05:03:42Z
FILM-280,EMPIRE MALKOVICH,2006,7,0.99,26.99,2006-02-15T05:03:42Z
FILM-281,ENCINO ELF,2006,6,0.99,9.99,2006-02-15T05:03:42Z
FILM-282,ENCOUNTERS CURTAIN,2006,5,0.99,20.99,2006-02-15T05:03:42Z
FILM-283,ENDING CROWDS,2006,6,0.99,10.99,2006-02-15T05:03:42Z
FILM-284,ENEMY ODDS,2006,5,4.99,23.99,2006-02-15T05:03:42Z
FILM-285,ENGLISH BULWORTH,2006,3,0.99,18.99,2006-02-15T05:03:42Z
FILM-286,ENOUGH RAGING,2006,7,2.99,16.99,2006-02-15T05:03:42Z
FILM-287,ENTRAPMENT SATISFACTION,2006,5,0.99,19.99,2006-02-15T05:03:42Z
FILM-288,ESCAPE METROPOLIS,2006,7,2.99,20.99,2006-02-15T05:03:42Z
FILM-289,EVE RESURRECTION,2006,5,4.99,25.99,2006-02-15T05:03:42Z
FILM-290,EVERYONE CRAFT,2006,4,0.99,29.99,2006-02-15T05:03:42Z
FILM-291,EVOLUTION ALTER,2006,5,0.99,10.99,2006-02-15T05:03:42Z
FILM-292,EXCITEMENT EVE,2006,3,0.99,20.99,2006-02-15T05:03:42Z
FILM-293,EXORCIST STING,2006,6,2.99,17.99,2006-02-15T05:03:42Z
FILM-294,EXPECATIONS NATURAL,2006,5,4.99,26.99,2006-02-15T05:03:42Z
FILM-295,EXPENDABLE STALLION,2006,3,0.99,14.99,2006-02-15T05:03:42Z
FILM-296,EXPRESS LONELY,2006,5,2.99,23.99,2006-02-15T05:03:42Z
FILM-297,EXTRAORDINARY CONQUERER,2006,6,2.99,29.99,2006-02-15T05:03:42Z
FILM-298,EYES DRIVING,2006,4,2.99,13.99,2006-02-15T05:03:42Z
FILM-299,FACTORY DRAGON,2006,4,0.99,9.99,2006-02-15T05:03:42Z
FILM-300,FALCON VOLUME,2006,5,4.99,21.99,2006-02-15T05:03:42Z
FILM-301,FAMILY SWEET,2006,4,0.99,24.99,2006-02-15T05:03:42Z
FILM-302,FANTASIA PARK,2006,5,2.99,29.99,2006-02-15T05:03:42Z
FILM-303,FANTASY TROOPERS,2006,6,0.99,27.99,2006-02-15T05:03:42Z
FILM-304,FARGO GANDHI,2006,3,2.99,28.99,2006-02-15T05:03:42Z
FILM-305,FATAL HAUNTED,2006,6,2.99,24.99,2006-02-15T05:03:42Z
FILM-306,FEATHERS METAL,2006,3,0.99,12.99,2006-02-15T05:03:42Z
FILM-307,FELLOWSHIP AUTUMN,2006,6,4.99,9.99,2006-02-15T05:03:42Z
FILM-308,FERRIS MOTHER,2006,3,2.99,13.99,2006-02-15T05:03:42Z
FILM-309,FEUD FROGMEN,2006,6,0.99,29.99,2006-02-15T05:03:42Z
FILM-310,FEVER EMPIRE,2006,5,4.99,20.99,2006-02-15T05:03:42Z
FILM-311,FICTION CHRISTMAS,2006,4,0.99,14.99,2006-02-15T05:03:42Z
FILM-312,FIDDLER LOST,2006,4,4.99,20.99,2006-02-15T05:03:42Z
FILM-313,FIDELITY DEVIL,2006,5,4.99,11.99,2006-02-15T05:03:42Z
FILM-314,FIGHT JAWBREAKER,2006,3,0.99,13.99,2006-02-15T05:03:42Z
FILM-315,FINDING ANACONDA,2006,4,0.99,10.99,2006-02-15T05:03:42Z
FILM-316,FIRE WOLVES,2006,5,4.99,18.99,2006-02-15T05:03:42Z
FILM-317,FIREBALL PHILADELPHIA,2006,4,0.99,25.99,2006-02-15T05:03:42Z
FILM-318,FIREHOUSE VIETNAM,2006,7,0.99,14.99,2006-02-15T05:03:42Z
FILM-319,FISH OPUS,2006,4,2.99,22.99,2006-02-15T05:03:42Z
FILM-320,FLAMINGOS CONNECTICUT,2006,4,4.99,28.99,2006-02-15T05:03:42Z
FILM-321,FLASH WARS,2006,3,4.99,21.99,2006-02-15T05:03:42Z
FILM-322,FLATLINERS KILLER,2006,5,2.99,29.99,2006-02-15T05:03:42Z
FILM-323,FLIGHT LIES,2006,7,4.99,22.99,2006-02-15T05:03:42Z
FILM-324,FLINTSTONES HAPPINESS,2006,3,4.99,11.99,2006-02-15T05:03:42Z
FILM-325,FLOATS GARDEN,2006,6,2.99,29.99,2006-02-15T05:03:42Z
FILM-326,FLYING HOOK,2006,6,2.99,18.99,2006-02-15T05:03:42Z
FILM-327,FOOL MOCKINGBIRD,2006,3,4.99,24.99,2006-02-15T05:03:42Z
FILM-328,FOREVER CANDIDATE,2006,7,2.99,28.99,2006-02-15T05:03:42Z
FILM-329,FORREST SONS,2006,4,2.99,15.99,2006-02-15T05:03:42Z
FILM-330,FORRESTER COMANCHEROS,2006,7,4.99,22.99,2006-02-15T05:03:42Z
FILM-331,FORWARD TEMPLE,2006,6,2.99,25.99,2006-02-15T05:03:42Z
FILM-332,FRANKENSTEIN STRANGER,2006,7,0.99,16.99,2006-02-15T05:03:42Z
FILM-333,FREAKY POCUS,2006,7,2.99,16.99,2006-02-15T05:03:42Z
FILM-334,FREDDY STORM,2006,6,4.99,21.99,2006-02-15T05:03:42Z
FILM-335,FREEDOM CLEOPATRA,2006,5,0.99,23.99,2006-02-15T05:03:42Z
FILM-336,FRENCH HOLIDAY,2006,5,4.99,22.99,2006-02-15T05:03:42Z
FILM-337,FRIDA SLIPPER,2006,6,2.99,11.99,2006-02-15T05:03:42Z
FILM-338,FRISCO FORREST,2006,6,4.99,23.99,2006-02-15T05:03:42Z
FILM-339,FROGMEN BREAKING,2006,5,0.99,17.99,2006-02-15T05:03:42Z
FILM-340,FRONTIER CABIN,2006,6,4.99,14.99,2006-02-15T05:03:42Z
FILM-341,FROST HEAD,2006,5,0.99,13.99,2006-02-15T05:03:42Z
FILM-342,FUGITIVE MAGUIRE,2006,7,4.99,28.99,2006-02-15T05:03:42Z
FILM-343,FULL FLATLINERS,2006,6,2.99,14.99,2006-02-15T05:03:42Z
FILM-344,FURY MURDER,2006,3,0.99,28.99,2006-02-15T05:03:42Z
FILM-345,GABLES METROPOLIS,2006,3,0.99,17.99,2006-02-15T05:03:42Z
FILM-346,GALAXY SWEETHEARTS,2006,4,4.99,13.99,2006-02-15T05:03:42Z
FILM-347,GAMES BOWFINGER,2006,7,4.99,17.99,2006-02-15T05:03:42Z
FILM-348,GANDHI KWAI,2006,7,0.99,9.99,2006-02-15T05:03:42Z
FILM-349,GANGS PRIDE,2006,4,2.99,27.99,2006-02-15T05:03:42Z
FILM-350,GARDEN ISLAND,2006,3,4.99,21.99,2006-02-15T05:03:42Z
FILM-351,GASLIGHT CRUSADE,2006,4,2.99,10.99,2006-02-15T05:03:42Z
FILM-352,GATHERING CALENDAR,2006,4,0.99,22.99,2006-02-15T05:03:42Z
FILM-353,GENTLEMEN STAGE,2006,6,2.99,22.99,2006-02-15T05:03:42Z
FILM-354,GHOST GROUNDHOG,2006,6,4.99,18.99,2006-02-15T05:03:42Z
FILM-355,GHOSTBUSTERS ELF,2006,7,0.99,18.99,2006-02-15T05:03:42Z
FILM-356,GIANT TROOPERS,2006,5,2.99,10.99,2006-02-15T05:03:42Z
FILM-357,GILBERT PELICAN,2006,7,0.99,13.99,2006-02-15T05:03:42Z
FILM-358,GILMORE BOILED,2006,5,0.99,29.99,2006-02-15T05:03:42Z
FILM-359,GLADIATOR WESTWARD,2006,6,4.99,20.99,2006-02-15T05:03:42Z
FILM-360,GLASS DYING,2006,4,0.99,24.99,2006-02-15T05:03:42Z
FILM-361,GLEAMING JAWBREAKER,2006,5,2.99,25.99,2006-02-15T05:03:42Z
FILM-362,GLORY TRACY,2006,7,2.99,13.99,2006-02-15T05:03:42Z
FILM-363,GO PURPLE,2006,3,0.99,12.99,2006-02-15T05:03:42Z
FILM-364,GODFATHER DIARY,2006,3,2.99,14.99,2006-02-15T05:03:42Z
FILM-365,GOLD RIVER,2006,4,4.99,21.99,2006-02-15T05:03:42Z
FILM-366,GOLDFINGER SENSIBILITY,2006,3,0.99,29.99,2006-02-15T05:03:42Z
FILM-367,GOLDMINE TYCOON,2006,6,0.99,20.99,2006-02-15T05:03:42Z
FILM-368,GONE TROUBLE,2006,7,2.99,20.99,2006-02-15T05:03:42Z
FILM-369,GOODFELLAS SALUTE,2006,4,4.99,22.99,2006-02-15T05:03:42Z
FILM-370,GORGEOUS BINGO,2006,4,2.99,26.99,2006-02-15T05:03:42Z
FILM-371,GOSFORD DONNIE,2006,5,4.99,17.99,2006-02-15T05:03:42Z
FILM-372,GRACELAND DYNAMITE,2006,5,4.99,26.99,2006-02-15T05:03:42Z
FILM-373,GRADUATE LORD,2006,7,2.99,14.99,2006-02-15T05:03:42Z
FILM-374,GRAFFITI LOVE,2006,3,0.99,29.99,2006-02-15T05:03:42Z
FILM-375,GRAIL FRANKENSTEIN,2006,4,2.99,17.99,2006-02-15T05:03:42Z
FILM-376,GRAPES FURY,2006,4,0.99,20.99,2006-02-15T05:03:42Z
FILM-377,GREASE YOUTH,2006,7,0.99,20.99,2006-02-15T05:03:42Z
FILM-378,GREATEST NORTH,2006,5,2.99,24.99,2006-02-15T05:03:42Z
FILM-379,GREEDY ROOTS,2006,7,0.99,14.99,2006-02-15T05:03:42Z
FILM-380,GREEK EVERYONE,2006,7,2.99,11.99,2006-02-15T05:03:42Z
FILM-381,GRINCH MASSAGE,2006,7,4.99,25.99,2006-02-15T05:03:42Z
FILM-382,GRIT CLOCKWORK,2006,3,0.99,21.99,2006-02-15T05:03:42Z
FILM-383,GROOVE FICTION,2006,6,0.99,13.99,2006-02-15T05:03:42Z
FILM-384,GROSSE WONDERFUL,2006,5,4.99,19.99,2006-02-15T05:03:42Z
FILM-385,GROUNDHOG UNCUT,2006,6,4.99,26.99,2006-02-15T05:03:42Z
FILM-386,GUMP DATE,2006,3,4.99,12.99,2006-02-15T05:03:42Z
FILM-387,GUN BONNIE,2006,7,0.99,27.99,2006-02-15T05:03:42Z
FILM-388,GUNFIGHT MOON,2006,5,0.99,16.99,2006-02-15T05:03:42Z
FILM-389,GUNFIGHTER MUSSOLINI,2006,3,2.99,9.99,2006-02-15T05:03:42Z
FILM-390,GUYS FALCON,2006,4,4.99,20.99,2006-02-15T05:03:42Z
FILM-391,HALF OUTFIELD,2006,6,2.99,25.99,2006-02-15T05:03:42Z
FILM-392,HALL CASSIDY,2006,5,4.99,13.99,2006-02-15T05:03:42Z
FILM-393,HALLOWEEN NUTS,2006,6,2.99,19.99,2006-02-15T05:03:42Z
FILM-394,HAMLET WISDOM,2006,7,2.99,21.99,2006-02-15T05:03:42Z
FILM-395,HANDICAP BOONDOCK,2006,4,0.99,28.99,2006-02-15T05:03:42Z
FILM-396,HANGING DEEP,2006,5,4.99,18.99,2006-02-15T05:03:42Z
FILM-397,HANKY OCTOBER,2006,5,2.99,26.99,2006-02-15T05:03:42Z
FILM-398,HANOVER GALAXY,2006,5,4.99,21.99,2006-02-15T05:03:42Z
FILM-399,HAPPINESS UNITED,2006,6,2.99,23.99,2006-02-15T05:03:42Z
FILM-400,HARDLY ROBBERS,2006,7,2.99,15.99,2006-02-15T05:03:42Z
FILM-401,HAROLD FRENCH,2006,6,0.99,10.99,2006-02-15T05:03:42Z
FILM-402,HARPER DYING,2006,3,0.99,15.99,2006-02-15T05:03:42Z
FILM-403,HARRY IDAHO,2006,5,4.99,18.99,2006-02-15T05:03:42Z
FILM-404,HATE HANDICAP,2006,4,0.99,26.99,2006-02-15T05:03:42Z
FILM-405,HAUNTED ANTITRUST,2006,6,4.99,13.99,2006-02-15T05:03:42Z
FILM-406,HAUNTING PIANIST,2006,5,0.99,22.99,2006-02-15T05:03:42Z
FILM-407,HAWK CHILL,2006,5,0.99,12.99,2006-02-15T05:03:42Z
FILM-408,HEAD STRANGER,2006,4,4.99,28.99,2006-02-15T05:03:42Z
FILM-409,HEARTBREAKERS BRIGHT,2006,3,4.99,9.99,2006-02-15T05:03:42Z
FILM-410,HEAVEN FREEDOM,2006,7,2.99,19.99,2006-02-15T05:03:42Z
FILM-411,HEAVENLY GUN,2006,5,4.99,13.99,2006-02-15T05:03:42Z
FILM-412,HEAVYWEIGHTS BEAST,2006,6,4.99,25.99,2006-02-15T05:03:42Z
FILM-413,HEDWIG ALTER,2006,7,2.99,16.99,2006-02-15T05:03:42Z
FILM-414,HELLFIGHTERS SIERRA,2006,3,2.99,23.99,2006-02-15T05:03:42Z
FILM-415,HIGH ENCINO,2006,3,2.99,23.99,2006-02-15T05:03:42Z
FILM-416,HIGHBALL POTTER,2006,6,0.99,10.99,2006-02-15T05:03:42Z
FILM-417,HILLS NEIGHBORS,2006,5,0.99,29.99,2006-02-15T05:03:42Z
FILM-418,HOBBIT ALIEN,2006,5,0.99,27.99,2006-02-15T05:03:42Z
FILM-419,HOCUS FRIDA,2006,4,2.99,19.99,2006-02-15T05:03:42Z
FILM-420,HOLES BRANNIGAN,2006,7,4.99,27.99,2006-02-15T05:03:42Z
FILM-421,HOLIDAY GAMES,2006,7,4.99,10.99,2006-02-15T05:03:42Z
FILM-422,HOLLOW JEOPARDY,2006,7,4.99,25.99,2006-02-15T05:03:42Z
FILM-423,HOLLYWOOD ANONYMOUS,2006,7,0.99,29.99,2006-02-15T05:03:42Z
FILM-424,HOLOCAUST HIGHBALL,2006,6,0.99,12.99,2006-02-15T05:03:42Z
FILM-425,HOLY TADPOLE,2006,6,0.99,20.99,2006-02-15T05:03:42Z
FILM-426,HOME PITY,2006,7,4.99,15.99,2006-02-15T05:03:42Z
FILM-427,HOMEWARD CIDER,2006,5,0.99,19.99,2006-02-15T05:03:42Z
FILM-428,HOMICIDE PEACH,2006,6,2.99,21.99,2006-02-15T05:03:42Z
FILM-429,HONEY TIES,2006,3,0.99,29.99,2006-02-15T05:03:42Z
FILM-430,HOOK CHARIOTS,2006,7,0.99,23.99,2006-02-15T05:03:42Z
FILM-431,HOOSIERS BIRDCAGE,2006,3,2.99,12.99,2006-02-15T05:03:42Z
FILM-432,HOPE TOOTSIE,2006,4,2.99,22.99,2006-02-15T05:03:42Z
FILM-433,HORN WORKING,2006,4,2.99,23.99,2006-02-15T05:03:42Z
FILM-434,HORROR REIGN,2006,3,0.99,25.99,2006-02-15T05:03:42Z
FILM-435,HOTEL HAPPINESS,2006,6,4.99,28.99,2006-02-15T05:03:42Z
FILM-436,HOURS RAGE,2006,4,0.99,14.99,2006-02-15T05:03:42Z
FILM-437,HOUSE DYNAMITE,2006,7,2.99,13.99,2006-02-15T05:03:42Z
FILM-438,HUMAN GRAFFITI,2006,3,2.99,22.99,2006-02-15T05:03:42Z
FILM-439,HUNCHBACK IMPOSSIBLE,2006,4,4.99,28.99,2006-02-15T05:03:42Z
FILM-440,HUNGER ROOF,2006,6,0.99,21.99,2006-02-15T05:03:42Z
FILM-441,HUNTER ALTER,2006,5,2.99,21.99,2006-02-15T05:03:42Z
FILM-442,HUNTING MUSKETEERS,2006,6,2.99,24.99,2006-02-15T05:03:42Z
FILM-443,HURRICANE AFFAIR,2006,6,2.99,11.99,2006-02-15T05:03:42Z
FILM-444,HUSTLER PARTY,2006,3,4.99,22.99,2006-02-15T05:03:42Z
FILM-445,HYDE DOCTOR,2006,5,2.99,11.99,2006-02-15T05:03:42Z
FILM-446,HYSTERICAL GRAIL,2006,5,4.99,19.99,2006-02-15T05:03:42Z
FILM-447,ICE CROSSING,2006,5,2.99,28.99,2006-02-15T05:03:42Z
FILM-448,IDAHO LOVE,2006,3,2.99,25.99,2006-02-15T05:03:42Z
FILM-449,IDENTITY LOVER,2006,4,2.99,12.99,2006-02-15T05:03:42Z
FILM-450,IDOLS SNATCHERS,2006,5,2.99,29.99,2006-02-15T05:03:42Z
FILM-451,IGBY MAKER,2006,7,4.99,12.99,2006-02-15T05:03:42Z
FILM-452,ILLUSION AMELIE,2006,4,0.99,15.99,2006-02-15T05:03:42Z
FILM-453,IMAGE PRINCESS,2006,3,2.99,17.99,2006-02-15T05:03:42Z
FILM-454,IMPACT ALADDIN,2006,6,0.99,20.99,2006-02-15T05:03:42Z
FILM-455,IMPOSSIBLE PREJUDICE,2006,7,4.99,11.99,2006-02-15T05:03:42Z
FILM-456,INCH JET,2006,6,4.99,18.99,2006-02-15T05:03:42Z
FILM-457,INDEPENDENCE HOTEL,2006,5,0.99,21.99,2006-02-15T05:03:42Z
FILM-458,INDIAN LOVE,2006,4,0.99,26.99,2006-02-15T05:03:42Z
FILM-459,INFORMER DOUBLE,2006,4,4.99,23.99,2006-02-15T05:03:42Z
FILM-460,INNOCENT USUAL,2006,3,4.99,26.99,2006-02-15T05:03:42Z
FILM-461,INSECTS STONE,2006,3,0.99,14.99,2006-02-15T05:03:42Z
FILM-462,INSIDER ARIZONA,2006,5,2.99,17.99,2006-02-15T05:03:42Z
FILM-463,INSTINCT AIRPORT,2006,4,2.99,21.99,2006-02-15T05:03:42Z
FILM-464,INTENTIONS EMPIRE,2006,3,2.99,13.99,2006-02-15T05:03:42Z
FILM-465,INTERVIEW LIAISONS,2006,4,4.99,17.99,2006-02-15T05:03:42Z
FILM-466,INTOLERABLE INTENTIONS,2006,6,4.99,20.99,2006-02-15T05:03:42Z
FILM-467,INTRIGUE WORST,2006,6,0.99,10.99,2006-02-15T05:03:42Z
FILM-468,INVASION CYCLONE,2006,5,2.99,12.99,2006-02-15T05:03:42Z
FILM-469,IRON MOON,2006,7,4.99,27.99,2006-02-15T05:03:42Z
FILM-470,ISHTAR ROCKETEER,2006,4,4.99,24.99,2006-02-15T05:03:42Z
FILM-471,ISLAND EXORCIST,2006,7,2.99,23.99,2006-02-15T05:03:42Z
FILM-472,ITALIAN AFRICAN,2006,3,4.99,24.99,2006-02-15T05:03:42Z
FILM-473,JACKET FRISCO,2006,5,2.99,16.99,2006-02-15T05:03:42Z
FILM-474,JADE BUNCH,2006,6,2.99,21.99,2006-02-15T05:03:42Z
FILM-475,JAPANESE RUN,2006,6,0.99,29.99,2006-02-15T05:03:42Z
FILM-476,JASON TRAP,2006,5,2.99,9.99,2006-02-15T05:03:42Z
FILM-477,JAWBREAKER BROOKLYN,2006,5,0.99,15.99,2006-02-15T05:03:42Z
FILM-478,JAWS HARRY,2006,4,2.99,10.99,2006-02-15T05:03:42Z
FILM-479,JEDI BENEATH,2006,7,0.99,12.99,2006-02-15T05:03:42Z
FILM-480,JEEPERS WEDDING,2006,3,2.99,29.99,2006-02-15T05:03:42Z
FILM-481,JEKYLL FROGMEN,2006,4,2.99,22.99,2006-02-15T05:03:42Z
FILM-482,JEOPARDY ENCINO,2006,3,0.99,12.99,2006-02-15T05:03:42Z
FILM-483,JERICHO MULAN,2006,3,2.99,29.99,2006-02-15T05:03:42Z
FILM-484,JERK PAYCHECK,2006,3,2.99,13.99,2006-02-15T05:03:42Z
FILM-485,JERSEY SASSY,2006,6,4.99,16.99,2006-02-15T05:03:42Z
FILM-486,JET NEIGHBORS,2006,7,4.99,14.99,2006-02-15T05:03:42Z
FILM-487,JINGLE SAGEBRUSH,2006,6,4.99,29.99,2006-02-15T05:03:42Z
FILM-488,JOON NORTHWEST,2006,3,0.99,23.99,2006-02-15T05:03:42Z
FILM-489,JUGGLER HARDLY,2006,4,0.99,14.99,2006-02-15T05:03:42Z
FILM-490,JUMANJI BLADE,2006,4,2.99,13.99,2006-02-15T05:03:42Z
FILM-491,JUMPING WRATH,2006,4,0.99,18.99,2006-02-15T05:03:42Z
FILM-492,JUNGLE CLOSER,2006,6,0.99,11.99,2006-02-15T05:03:42Z
FILM-493,KANE EXORCIST,2006,5,0.99,18.99,2006-02-15T05:03:42Z
FILM-494,KARATE MOON,2006,4,0.99,21.99,2006-02-15T05:03:42Z
FILM-495,KENTUCKIAN GIANT,2006,5,2.99,10.99,2006-02-15T05:03:42Z
FILM-496,KICK SAVANNAH,2006,3,0.99,10.99,2006-02-15T05:03:42Z
FILM-497,KILL BROTHERHOOD,2006,4,0.99,15.99,2006-02-15T05:03:42Z
FILM-498,KILLER INNOCENT,2006,7,2.99,11.99,2006-02-15T05:03:42Z
FILM-499,KING EVOLUTION,2006,3,4.99,24.99,2006-02-15T05:03:42Z
FILM-500,KISS GLORY,2006,5,4.99,11.99,2006-02-15T05:03:42Z
FILM-501,KISSING DOLLS,2006,3,4.99,9.99,2006-02-15T05:03:42Z
FILM-502,KNOCK WARLOCK,2006,4,2.99,21.99,2006-02-15T05:03:42Z
FILM-503,KRAMER CHOCOLATE,2006,3,2.99,24.99,2006-02-15T05:03:42Z
FILM-504,KWAI HOMEWARD,2006,5,0.99,25.99,2006-02-15T05:03:42Z
FILM-505,LABYRINTH LEAGUE,2006,6,2.99,24.99,2006-02-15T05:03:42Z
FILM-506,LADY STAGE,2006,4,4.99,14.99,2006-02-15T05:03:42Z
FILM-507,LADYBUGS ARMAGEDDON,2006,4,0.99,13.99,2006-02-15T05:03:42Z
FILM-508,LAMBS CINCINATTI,2006,6,4.99,18.99,2006-02-15T05:03:42Z
FILM-509,LANGUAGE COWBOY,2006,5,0.99,26.99,2006-02-15T05:03:42Z
FILM-510,LAWLESS VISION,2006,6,4.99,29.99,2006-02-15T05:03:42Z
FILM-511,LAWRENCE LOVE,2006,7,0.99,23.99,2006-02-15T05:03:42Z
FILM-512,LEAGUE HELLFIGHTERS,2006,5,4.99,25.99,2006-02-15T05:03:42Z
FILM-513,LEATHERNECKS DWARFS,2006,6,2.99,21.99,2006-02-15T05:03:42Z
FILM-514,LEBOWSKI SOLDIERS,2006,6,2.99,17.99,2006-02-15T05:03:42Z
FILM-515,LEGALLY SECRETARY,2006,7,4.99,14.99,2006-02-15T05:03:42Z
FILM-516,LEGEND JEDI,2006,7,0.99,18.99,2006-02-15T05:03:42Z
FILM-517,LESSON CLEOPATRA,2006,3,0.99,28.99,2006-02-15T05:03:42Z
FILM-518,LIAISONS SWEET,2006,5,4.99,15.99,2006-02-15T05:03:42Z
FILM-519,LIBERTY MAGNIFICENT,2006,3,2.99,27.99,2006-02-15T05:03:42Z
FILM-520,LICENSE WEEKEND,2006,7,2.99,28.99,2006-02-15T05:03:42Z
FILM-521,LIES TREATMENT,2006,7,4.99,28.99,2006-02-15T05:03:42Z
FILM-522,LIFE TWISTED,2006,4,2.99,9.99,2006-02-15T05:03:42Z
FILM-523,LIGHTS DEER,2006,7,0.99,21.99,2006-02-15T05:03:42Z
FILM-524,LION UNCUT,2006,6,0.99,13.99,2006-02-15T05:03:42Z
FILM-525,LOATHING LEGALLY,2006,4,0.99,29.99,2006-02-15T05:03:42Z
FILM-526,LOCK REAR,2006,7,2.99,10.99,2006-02-15T05:03:42Z
FILM-527,LOLA AGENT,2006,4,4.99,24.99,2006-02-15T05:03:42Z
FILM-528,LOLITA WORLD,2006,4,2.99,25.99,2006-02-15T05:03:42Z
FILM-529,LONELY ELEPHANT,2006,3,2.99,12.99,2006-02-15T05:03:42Z
FILM-530,LORD ARIZONA,2006,5,2.99,27.99,2006-02-15T05:03:42Z
FILM-531,LOSE INCH,2006,3,0.99,18.99,2006-02-15T05:03:42Z
FILM-532,LOSER HUSTLER,2006,5,4.99,28.99,2006-02-15T05:03:42Z
FILM-533,LOST BIRD,2006,4,2.99,21.99,2006-02-15T05:03:42Z
FILM-534,LOUISIANA HARRY,2006,5,0.99,18.99,2006-02-15T05:03:42Z
FILM-535,LOVE SUICIDES,2006,6,0.99,21.99,2006-02-15T05:03:42Z
FILM-536,LOVELY JINGLE,2006,3,2.99,18.99,2006-02-15T05:03:42Z
FILM-537,LOVER TRUMAN,2006,3,2.99,29.99,2006-02-15T05:03:42Z
FILM-538,LOVERBOY ATTACKS,2006,7,0.99,19.99,2006-02-15T05:03:42Z
FILM-539,LUCK OPUS,2006,7,2.99,21.99,2006-02-15T05:03:42Z
FILM-540,LUCKY FLYING,2006,7,2.99,10.99,2006-02-15T05:03:42Z
FILM-541,LUKE MUMMY,2006,5,2.99,21.99,2006-02-15T05:03:42Z
FILM-542,LUST LOCK,2006,3,2.99,28.99,2006-02-15T05:03:42Z
FILM-543,MADIGAN DORADO,2006,5,4.99,20.99,2006-02-15T05:03:42Z
FILM-544,MADISON TRAP,2006,4,2.99,11.99,2006-02-15T05:03:42Z
FILM-545,MADNESS ATTACKS,2006,4,0.99,14.99,2006-02-15T05:03:42Z
FILM-546,MADRE GABLES,2006,7,2.99,27.99,2006-02-15T05:03:42Z
FILM-547,MAGIC MALLRATS,2006,3,0.99,19.99,2006-02-15T05:03:42Z
FILM-548,MAGNIFICENT CHITTY,2006,3,2.99,27.99,2006-02-15T05:03:42Z
FILM-549,MAGNOLIA FORRESTER,2006,4,0.99,28.99,2006-02-15T05:03:42Z
FILM-550,MAGUIRE APACHE,2006,6,2.99,22.99,2006-02-15T05:03:42Z
FILM-551,MAIDEN HOME,2006,3,4.99,9.99,2006-02-15T05:03:42Z
FILM-552,MAJESTIC FLOATS,2006,5,0.99,15.99,2006-02-15T05:03:42Z
FILM-553,MAKER GABLES,2006,4,0.99,12.99,2006-02-15T05:03:42Z
FILM-554,MALKOVICH PET,2006,6,2.99,22.99,2006-02-15T05:03:42Z
FILM-555,MALLRATS UNITED,2006,4,0.99,25.99,2006-02-15T05:03:42Z
FILM-556,MALTESE HOPE,2006,6,4.99,26.99,2006-02-15T05:03:42Z
FILM-557,MANCHURIAN CURTAIN,2006,5,2.99,27.99,2006-02-15T05:03:42Z
FILM-558,MANNEQUIN WORST,2006,3,2.99,18.99,2006-02-15T05:03:42Z
FILM-559,MARRIED GO,2006,7,2.99,22.99,2006-02-15T05:03:42Z
FILM-560,MARS ROMAN,2006,6,0.99,21.99,2006-02-15T05:03:42Z
FILM-561,MASK PEACH,2006,6,2.99,26.99,2006-02-15T05:03:42Z
FILM-562,MASKED BUBBLE,2006,6,0.99,12.99,2006-02-15T05:03:42Z
FILM-563,MASSACRE USUAL,2006,6,4.99,16.99,2006-02-15T05:03:42Z
FILM-564,MASSAGE IMAGE,2006,4,2.99,11.99,2006-02-15T05:03:42Z
FILM-565,MATRIX SNOWMAN,2006,6,4.99,9.99,2006-02-15T05:03:42Z
FILM-566,MAUDE MOD,2006,6,0.99,20.99,2006-02-15T05:03:42Z
FILM-567,MEET CHOCOLATE,2006,3,2.99,26.99,2006-02-15T05:03:42Z
FILM-568,MEMENTO ZOOLANDER,2006,4,4.99,11.99,2006-02-15T05:03:42Z
FILM-569,MENAGERIE RUSHMORE,2006,7,2.99,18.99,2006-02-15T05:03:42Z
FILM-570,MERMAID INSECTS,2006,5,4.99,20.99,2006-02-15T05:03:42Z
FILM-571,METAL ARMAGEDDON,2006,6,2.99,26.99,2006-02-15T05:03:42Z
FILM-572,METROPOLIS COMA,2006,4,2.99,9.99,2006-02-15T05:03:42Z
FILM-573,MICROCOSMOS PARADISE,2006,6,2.99,22.99,2006-02-15T05:03:42Z
FILM-574,MIDNIGHT WESTWARD,2006,3,0.99,19.99,2006-02-15T05:03:42Z
FILM-575,MIDSUMMER GROUNDHOG,2006,3,4.99,27.99,2006-02-15T05:03:42Z
FILM-576,MIGHTY LUCK,2006,7,2.99,13.99,2006-02-15T05:03:42Z
FILM-577,MILE MULAN,2006,4,0.99,10.99,2006-02-15T05:03:42Z
FILM-578,MILLION ACE,2006,4,4.99,16.99,2006-02-15T05:03:42Z
FILM-579,MINDS TRUMAN,2006,3,4.99,22.99,2006-02-15T05:03:42Z
FILM-580,MINE TITANS,2006,3,4.99,12.99,2006-02-15T05:03:42Z
FILM-581,MINORITY KISS,2006,4,0.99,16.99,2006-02-15T05:03:42Z
FILM-582,MIRACLE VIRTUAL,2006,3,2.99,19.99,2006-02-15T05:03:42Z
FILM-583,MISSION ZOOLANDER,2006,3,4.99,26.99,2006-02-15T05:03:42Z
FILM-584,MIXED DOORS,2006,6,2.99,26.99,2006-02-15T05:03:42Z
FILM-585,MOB DUFFEL,2006,4,0.99,25.99,2006-02-15T05:03:42Z
FILM-586,MOCKINGBIRD HOLLYWOOD,2006,4,0.99,27.99,2006-02-15T05:03:42Z
FILM-587,MOD SECRETARY,2006,6,4.99,20.99,2006-02-15T05:03:42Z
FILM-588,MODEL FISH,2006,4,4.99,11.99,2006-02-15T05:03:42Z
FILM-589,MODERN DORADO,2006,3,0.99,20.99,2006-02-15T05:03:42Z
FILM-590,MONEY HAROLD,2006,3,2.99,17.99,2006-02-15T05:03:42Z
FILM-591,MONSOON CAUSE,2006,6,4.99,20.99,2006-02-15T05:03:42Z
FILM-592,MONSTER SPARTACUS,2006,6,2.99,28.99,2006-02-15T05:03:42Z
FILM-593,MONTEREY LABYRINTH,2006,6,0.99,13.99,2006-02-15T05:03:42Z
FILM-594,MONTEZUMA COMMAND,2006,6,0.99,22.99,2006-02-15T05:03:42Z
FILM-595,MOON BUNCH,2006,7,0.99,20.99,2006-02-15T05:03:42Z
FILM-596,MOONSHINE CABIN,2006,4,4.99,25.99,2006-02-15T05:03:42Z
FILM-597,MOONWALKER FOOL,2006,5,4.99,12.99,2006-02-15T05:03:42Z
FILM-598,MOSQUITO ARMAGEDDON,2006,6,0.99,22.99,2006-02-15T05:03:42Z
FILM-599,MOTHER OLEANDER,2006,3,0.99,20.99,2006-02-15T05:03:42Z
FILM-600,MOTIONS DETAILS,2006,5,0.99,16.99,2006-02-15T05:03:42Z
FILM-601,MOULIN WAKE,2006,4,0.99,20.99,2006-02-15T05:03:42Z
FILM-602,MOURNING PURPLE,2006,5,0.99,14.99,2006-02-15T05:03:42Z
FILM-603,MOVIE SHAKESPEARE,2006,6,4.99,27.99,2006-02-15T05:03:42Z
FILM-604,MULAN MOON,2006,4,0.99,10.99,2006-02-15T05:03:42Z
FILM-605,MULHOLLAND BEAST,2006,7,2.99,13.99,2006-02-15T05:03:42Z
FILM-606,MUMMY CREATURES,2006,3,0.99,15.99,2006-02-15T05:03:42Z
FILM-607,MUPPET MILE,2006,5,4.99,18.99,2006-02-15T05:03:42Z
FILM-608,MURDER ANTITRUST,2006,6,2.99,11.99,2006-02-15T05:03:42Z
FILM-609,MUSCLE BRIGHT,2006,7,2.99,23.99,2006-02-15T05:03:42Z
FILM-610,MUSIC BOONDOCK,2006,7,0.99,17.99,2006-02-15T05:03:42Z
FILM-611,MUSKETEERS WAIT,2006,7,4.99,17.99,2006-02-15T05:03:42Z
FILM-612,MUSSOLINI SPOILERS,2006,6,2.99,10.99,2006-02-15T05:03:42Z
FILM-613,MYSTIC TRUMAN,2006,5,0.99,19.99,2006-02-15T05:03:42Z
FILM-614,NAME DETECTIVE,2006,5,4.99,11.99,2006-02-15T05:03:42Z
FILM-615,NASH CHOCOLAT,2006,6,2.99,21.99,2006-02-15T05:03:42Z
FILM-616,NATIONAL STORY,2006,4,2.99,19.99,2006-02-15T05:03:42Z
FILM-617,NATURAL STOCK,2006,4,0.99,24.99,2006-02-15T05:03:42Z
FILM-618,NECKLACE OUTBREAK,2006,3,0.99,21.99,2006-02-15T05:03:42Z
FILM-619,NEIGHBORS CHARADE,2006,3,0.99,20.99,2006-02-15T05:03:42Z
FILM-620,NEMO CAMPUS,2006,5,2.99,23.99,2006-02-15T05:03:42Z
FILM-621,NETWORK PEAK,2006,5,2.99,23.99,2006-02-15T05:03:42Z
FILM-622,NEWSIES STORY,2006,4,0.99,25.99,2006-02-15T05:03:42Z
FILM-623,NEWTON LABYRINTH,2006,4,0.99,9.99,2006-02-15T05:03:42Z
FILM-624,NIGHTMARE CHILL,2006,3,4.99,25.99,2006-02-15T05:03:42Z
FILM-625,NONE SPIKING,2006,3,0.99,18.99,2006-02-15T05:03:42Z
FILM-626,NOON PAPI,2006,5,2.99,12.99,2006-02-15T05:03:42Z
FILM-627,NORTH TEQUILA,2006,4,4.99,9.99,2006-02-15T05:03:42Z
FILM-628,NORTHWEST POLISH,2006,5,2.99,24.99,2006-02-15T05:03:42Z
FILM-629,NOTORIOUS REUNION,2006,7,0.99,9.99,2006-02-15T05:03:42Z
FILM-630,NOTTING SPEAKEASY,2006,7,0.99,19.99,2006-02-15T05:03:42Z
FILM-631,NOVOCAINE FLIGHT,2006,4,0.99,11.99,2006-02-15T05:03:42Z
FILM-632,NUTS TIES,2006,5,4.99,10.99,2006-02-15T05:03:42Z
FILM-633,OCTOBER SUBMARINE,2006,6,4.99,10.99,2006-02-15T05:03:42Z
FILM-634,ODDS BOOGIE,2006,6,0.99,14.99,2006-02-15T05:03:42Z
FILM-635,OKLAHOMA JUMANJI,2006,7,0.99,15.99,2006-02-15T05:03:42Z
FILM-636,OLEANDER CLUE,2006,5,0.99,12.99,2006-02-15T05:03:42Z
FILM-637,OPEN AFRICAN,2006,7,4.99,16.99,2006-02-15T05:03:42Z
FILM-638,OPERATION OPERATION,2006,7,2.99,23.99,2006-02-15T05:03:42Z
FILM-639,OPPOSITE NECKLACE,2006,7,4.99,9.99,2006-02-15T05:03:42Z
FILM-640,OPUS ICE,2006,5,4.99,21.99,2006-02-15T05:03:42Z
FILM-641,ORANGE GRAPES,2006,4,0.99,21.99,2006-02-15T05:03:42Z
FILM-642,ORDER BETRAYED,2006,7,2.99,13.99,2006-02-15T05:03:42Z
FILM-643,ORIENT CLOSER,2006,3,2.99,22.99,2006-02-15T05:03:42Z
FILM-644,OSCAR GOLD,2006,7,2.99,29.99,2006-02-15T05:03:42Z
FILM-645,OTHERS SOUP,2006,7,2.99,18.99,2006-02-15T05:03:42Z
FILM-646,OUTBREAK DIVINE,2006,6,0.99,12.99,2006-02-15T05:03:42Z
FILM-647,OUTFIELD MASSACRE,2006,4,0.99,18.99,2006-02-15T05:03:42Z
FILM-648,OUTLAW HANKY,2006,7,4.99,17.99,2006-02-15T05:03:42Z
FILM-649,OZ LIAISONS,2006,4,2.99,14.99,2006-02-15T05:03:42Z
FILM-650,PACIFIC AMISTAD,2006,3,0.99,27.99,2006-02-15T05:03:42Z
FILM-651,PACKER MADIGAN,2006,3,0.99,20.99,2006-02-15T05:03:42Z
FILM-652,PAJAMA JAWBREAKER,2006,3,0.99,14.99,2006-02-15T05:03:42Z
FILM-653,PANIC CLUB,2006,3,4.99,15.99,2006-02-15T05:03:42Z
FILM-654,PANKY SUBMARINE,2006,4,4.99,19.99,2006-02-15T05:03:42Z
FILM-655,PANTHER REDS,2006,5,4.99,22.99,2006-02-15T05:03:42Z
FILM-656,PAPI NECKLACE,2006,3,0.99,9.99,2006-02-15T05:03:42Z
FILM-657,PARADISE SABRINA,2006,5,2.99,12.99,2006-02-15T05:03:42Z
FILM-658,PARIS WEEKEND,2006,7,2.99,19.99,2006-02-15T05:03:42Z
FILM-659,PARK CITIZEN,2006,3,4.99,14.99,2006-02-15T05:03:42Z
FILM-660,PARTY KNOCK,2006,7,2.99,11.99,2006-02-15T05:03:42Z
FILM-661,PAST SUICIDES,2006,5,4.99,17.99,2006-02-15T05:03:42Z
FILM-662,PATHS CONTROL,2006,3,4.99,9.99,2006-02-15T05:03:42Z
FILM-663,PATIENT SISTER,2006,7,0.99,29.99,2006-02-15T05:03:42Z
FILM-664,PATRIOT ROMAN,2006,6,2.99,12.99,2006-02-15T05:03:42Z
FILM-665,PATTON INTERVIEW,2006,4,2.99,22.99,2006-02-15T05:03:42Z
FILM-666,PAYCHECK WAIT,2006,4,4.99,27.99,2006-02-15T05:03:42Z
FILM-667,PEACH INNOCENT,2006,3,2.99,20.99,2006-02-15T05:03:42Z
FILM-668,PEAK FOREVER,2006,7,4.99,25.99,2006-02-15T05:03:42Z
FILM-669,PEARL DESTINY,2006,3,2.99,10.99,2006-02-15T05:03:42Z
FILM-670,PELICAN COMFORTS,2006,4,4.99,17.99,2006-02-15T05:03:42Z
FILM-671,PERDITION FARGO,2006,7,4.99,27.99,2006-02-15T05:03:42Z
FILM-672,PERFECT GROOVE,2006,7,2.99,17.99,2006-02-15T05:03:42Z
FILM-673,PERSONAL LADYBUGS,2006,3,0.99,19.99,2006-02-15T05:03:42Z
FILM-674,PET HAUNTING,2006,3,0.99,11.99,2006-02-15T05:03:42Z
FILM-675,PHANTOM GLORY,2006,6,2.99,17.99,2006-02-15T05:03:42Z
FILM-676,PHILADELPHIA WIFE,2006,7,4.99,16.99,2006-02-15T05:03:42Z
FILM-677,PIANIST OUTFIELD,2006,6,0.99,25.99,2006-02-15T05:03:42Z
FILM-678,PICKUP DRIVING,2006,3,2.99,23.99,2006-02-15T05:03:42Z
FILM-679,PILOT HOOSIERS,2006,6,2.99,17.99,2006-02-15T05:03:42Z
FILM-680,PINOCCHIO SIMON,2006,4,4.99,21.99,2006-02-15T05:03:42Z
FILM-681,PIRATES ROXANNE,2006,4,0.99,20.99,2006-02-15T05:03:42Z
FILM-682,PITTSBURGH HUNCHBACK,2006,4,4.99,17.99,2006-02-15T05:03:42Z
FILM-683,PITY BOUND,2006,5,4.99,19.99,2006-02-15T05:03:42Z
FILM-684,PIZZA JUMANJI,2006,4,2.99,11.99,2006-02-15T05:03:42Z
FILM-685,PLATOON INSTINCT,2006,6,4.99,10.99,2006-02-15T05:03:42Z
FILM-686,PLUTO OLEANDER,2006,5,4.99,9.99,2006-02-15T05:03:42Z
FILM-687,POCUS PULP,2006,6,0.99,15.99,2006-02-15T05:03:42Z
FILM-688,POLISH BROOKLYN,2006,6,0.99,12.99,2006-02-15T05:03:42Z
FILM-689,POLLOCK DELIVERANCE,2006,5,2.99,14.99,2006-02-15T05:03:42Z
FILM-690,POND SEATTLE,2006,7,2.99,25.99,2006-02-15T05:03:42Z
FILM-691,POSEIDON FOREVER,2006,6,4.99,29.99,2006-02-15T05:03:42Z
FILM-692,POTLUCK MIXED,2006,3,2.99,10.99,2006-02-15T05:03:42Z
FILM-693,POTTER CONNECTICUT,2006,5,2.99,16.99,2006-02-15T05:03:42Z
FILM-694,PREJUDICE OLEANDER,2006,6,4.99,15.99,2006-02-15T05:03:42Z
FILM-695,PRESIDENT BANG,2006,6,4.99,12.99,2006-02-15T05:03:42Z
FILM-696,PRIDE ALAMO,2006,6,0.99,20.99,2006-02-15T05:03:42Z
FILM-697,PRIMARY GLASS,2006,7,0.99,16.99,2006-02-15T05:03:42Z
FILM-698,PRINCESS GIANT,2006,3,2.99,29.99,2006-02-15T05:03:42Z
FILM-699,PRIVATE DROP,2006,7,4.99,26.99,2006-02-15T05:03:42Z
FILM-700,PRIX UNDEFEATED,2006,4,2.99,13.99,2006-02-15T05:03:42Z
FILM-701,PSYCHO SHRUNK,2006,5,2.99,11.99,2006-02-15T05:03:42Z
FILM-702,PULP BEVERLY,2006,4,2.99,12.99,2006-02-15T05:03:42Z
FILM-703,PUNK DIVORCE,2006,6,4.99,18.99,2006-02-15T05:03:42Z
FILM-704,PURE RUNNER,2006,3,2.99,25.99,2006-02-15T05:03:42Z
FILM-705,PURPLE MOVIE,2006,4,2.99,9.99,2006-02-15T05:03:42Z
FILM-706,QUEEN LUKE,2006,5,4.99,22.99,2006-02-15T05:03:42Z
FILM-707,QUEST MUSSOLINI,2006,5,2.99,29.99,2006-02-15T05:03:42Z
FILM-708,QUILLS BULL,2006,4,4.99,19.99,2006-02-15T05:03:42Z
FILM-709,RACER EGG,2006,7,2.99,19.99,2006-02-15T05:03:42Z
FILM-710,RAGE GAMES,2006,4,4.99,18.99,2006-02-15T05:03:42Z
FILM-711,RAGING AIRPLANE,2006,4,4.99,18.99,2006-02-15T05:03:42Z
FILM-712,RAIDERS ANTITRUST,2006,4,0.99,11.99,2006-02-15T05:03:42Z
FILM-713,RAINBOW SHOCK,2006,3,4.99,14.99,2006-02-15T05:03:42Z
FILM-714,RANDOM GO,2006,6,2.99,29.99,2006-02-15T05:03:42Z
FILM-715,RANGE MOONWALKER,2006,3,4.99,25.99,2006-02-15T05:03:42Z
FILM-716,REAP UNFAITHFUL,2006,6,2.99,26.99,2006-02-15T05:03:42Z
FILM-717,REAR TRADING,2006,6,0.99,23.99,2006-02-15T05:03:42Z
FILM-718,REBEL AIRPORT,2006,7,0.99,24.99,2006-02-15T05:03:42Z
FILM-719,RECORDS ZORRO,2006,7,4.99,11.99,2006-02-15T05:03:42Z
FILM-720,REDEMPTION COMFORTS,2006,3,2.99,20.99,2006-02-15T05:03:42Z
FILM-721,REDS POCUS,2006,7,4.99,23.99,2006-02-15T05:03:42Z
FILM-722,REEF SALUTE,2006,5,0.99,26.99,2006-02-15T05:03:42Z
FILM-723,REIGN GENTLEMEN,2006,3,2.99,29.99,2006-02-15T05:03:42Z
FILM-724,REMEMBER DIARY,2006,5,2.99,15.99,2006-02-15T05:03:42Z
FILM-725,REQUIEM TYCOON,2006,6,4.99,25.99,2006-02-15T05:03:42Z
FILM-726,RESERVOIR ADAPTATION,2006,7,2.99,29.99,2006-02-15T05:03:42Z
FILM-727,RESURRECTION SILVERADO,2006,6,0.99,12.99,2006-02-15T05:03:42Z
FILM-728,REUNION WITCHES,2006,3,0.99,26.99,2006-02-15T05:03:42Z
FILM-729,RIDER CADDYSHACK,2006,5,2.99,28.99,2006-02-15T05:03:42Z
FILM-730,RIDGEMONT SUBMARINE,2006,3,0.99,28.99,2006-02-15T05:03:42Z
FILM-731,RIGHT CRANES,2006,7,4.99,29.99,2006-02-15T05:03:42Z
FILM-732,RINGS HEARTBREAKERS,2006,5,0.99,17.99,2006-02-15T05:03:42Z
FILM-733,RIVER OUTLAW,2006,4,0.99,29.99,2006-02-15T05:03:42Z
FILM-734,ROAD ROXANNE,2006,4,4.99,12.99,2006-02-15T05:03:42Z
FILM-735,ROBBERS JOON,2006,7,2.99,26.99,2006-02-15T05:03:42Z
FILM-736,ROBBERY BRIGHT,2006,4,0.99,21.99,2006-02-15T05:03:42Z
FILM-737,ROCK INSTINCT,2006,4,0.99,28.99,2006-02-15T05:03:42Z
FILM-738,ROCKETEER MOTHER,2006,3,0.99,27.99,2006-02-15T05:03:42Z
FILM-739,ROCKY WAR,2006,4,4.99,17.99,2006-02-15T05:03:42Z
FILM-740,ROLLERCOASTER BRINGING,2006,5,2.99,13.99,2006-02-15T05:03:42Z
FILM-741,ROMAN PUNK,2006,7,0.99,28.99,2006-02-15T05:03:42Z
FILM-742,ROOF CHAMPION,2006,7,0.99,25.99,2006-02-15T05:03:42Z
FILM-743,ROOM ROMAN,2006,7,0.99,27.99,2006-02-15T05:03:42Z
FILM-744,ROOTS REMEMBER,2006,4,0.99,23.99,2006-02-15T05:03:42Z
FILM-745,ROSES TREASURE,2006,5,4.99,23.99,2006-02-15T05:03:42Z
FILM-746,ROUGE SQUAD,2006,3,0.99,10.99,2006-02-15T05:03:42Z
FILM-747,ROXANNE REBEL,2006,5,0.99,9.99,2006-02-15T05:03:42Z
FILM-748,RUGRATS SHAKESPEARE,2006,4,0.99,16.99,2006-02-15T05:03:42Z
FILM-749,RULES HUMAN,2006,6,4.99,19.99,2006-02-15T05:03:42Z
FILM-750,RUN PACIFIC,2006,3,0.99,25.99,2006-02-15T05:03:42Z
FILM-751,RUNAWAY TENENBAUMS,2006,6,0.99,17.99,2006-02-15T05:03:42Z
FILM-752,RUNNER MADIGAN,2006,6,0.99,27.99,2006-02-15T05:03:42Z
FILM-753,RUSH GOODFELLAS,2006,3,0.99,20.99,2006-02-15T05:03:42Z
FILM-754,RUSHMORE MERMAID,2006,6,2.99,17.99,2006-02-15T05:03:42Z
FILM-755,SABRINA MIDNIGHT,2006,5,4.99,11.99,2006-02-15T05:03:42Z
FILM-756,SADDLE ANTITRUST,2006,7,2.99,10.99,2006-02-15T05:03:42Z
FILM-757,SAGEBRUSH CLUELESS,2006,4,2.99,28.99,2006-02-15T05:03:42Z
FILM-758,SAINTS BRIDE,2006,5,2.99,11.99,2006-02-15T05:03:42Z
FILM-759,SALUTE APOLLO,2006,4,2.99,29.99,2006-02-15T05:03:42Z
FILM-760,SAMURAI LION,2006,5,2.99,21.99,2006-02-15T05:03:42Z
FILM-761,SANTA PARIS,2006,7,2.99,23.99,2006-02-15T05:03:42Z
FILM-762,SASSY PACKER,2006,6,0.99,29.99,2006-02-15T05:03:42Z
FILM-763,SATISFACTION CONFIDENTIAL,2006,3,4.99,26.99,2006-02-15T05:03:42Z
FILM-764,SATURDAY LAMBS,2006,3,4.99,28.99,2006-02-15T05:03:42Z
FILM-765,SATURN NAME,2006,7,4.99,18.99,2006-02-15T05:03:42Z
FILM-766,SAVANNAH TOWN,2006,5,0.99,25.99,2006-02-15T05:03:42Z
FILM-767,SCALAWAG DUCK,2006,6,4.99,13.99,2006-02-15T05:03:42Z
FILM-768,SCARFACE BANG,2006,3,4.99,11.99,2006-02-15T05:03:42Z
FILM-769,SCHOOL JACKET,2006,5,4.99,21.99,2006-02-15T05:03:42Z
FILM-770,SCISSORHANDS SLUMS,2006,5,2.99,13.99,2006-02-15T05:03:42Z
FILM-771,SCORPION APOLLO,2006,3,4.99,23.99,2006-02-15T05:03:42Z
FILM-772,SEA VIRGIN,2006,4,2.99,24.99,2006-02-15T05:03:42Z
FILM-773,SEABISCUIT PUNK,2006,6,2.99,28.99,2006-02-15T05:03:42Z
FILM-774,SEARCHERS WAIT,2006,3,2.99,22.99,2006-02-15T05:03:42Z
FILM-775,SEATTLE EXPECATIONS,2006,4,4.99,18.99,2006-02-15T05:03:42Z
FILM-776,SECRET GROUNDHOG,2006,6,4.99,11.99,2006-02-15T05:03:42Z
FILM-777,SECRETARY ROUGE,2006,5,4.99,10.99,2006-02-15T05:03:42Z
FILM-778,SECRETS PARADISE,2006,3,4.99,24.99,2006-02-15T05:03:42Z
FILM-779,SENSE GREEK,2006,4,4.99,23.99,2006-02-15T05:03:42Z
FILM-780,SENSIBILITY REAR,2006,7,4.99,15.99,2006-02-15T05:03:42Z
FILM-781,SEVEN SWARM,2006,4,4.99,15.99,2006-02-15T05:03:42Z
FILM-782,SHAKESPEARE SADDLE,2006,6,2.99,26.99,2006-02-15T05:03:42Z
FILM-783,SHANE DARKNESS,2006,5,2.99,22.99,2006-02-15T05:03:42Z
FILM-784,SHANGHAI TYCOON,2006,7,2.99,20.99,2006-02-15T05:03:42Z
FILM-785,SHAWSHANK BUBBLE,2006,6,4.99,20.99,2006-02-15T05:03:42Z
FILM-786,SHEPHERD MIDSUMMER,2006,7,0.99,14.99,2006-02-15T05:03:42Z
FILM-787,SHINING ROSES,2006,4,0.99,12.99,2006-02-15T05:03:42Z
FILM-788,SHIP WONDERLAND,2006,5,2.99,15.99,2006-02-15T05:03:42Z
FILM-789,SHOCK CABIN,2006,7,2.99,15.99,2006-02-15T05:03:42Z
FILM-790,SHOOTIST SUPERFLY,2006,6,0.99,22.99,2006-02-15T05:03:42Z
FILM-791,SHOW LORD,2006,3,4.99,24.99,2006-02-15T05:03:42Z
FILM-792,SHREK LICENSE,2006,7,2.99,15.99,2006-02-15T05:03:42Z
FILM-793,SHRUNK DIVINE,2006,6,2.99,14.99,2006-02-15T05:03:42Z
FILM-794,SIDE ARK,2006,5,0.99,28.99,2006-02-15T05:03:42Z
FILM-795,SIEGE MADRE,2006,7,0.99,23.99,2006-02-15T05:03:42Z
FILM-796,SIERRA DIVIDE,2006,3,0.99,12.99,2006-02-15T05:03:42Z
FILM-797,SILENCE KANE,2006,7,0.99,23.99,2006-02-15T05:03:42Z
FILM-798,SILVERADO GOLDFINGER,2006,4,4.99,11.99,2006-02-15T05:03:42Z
FILM-799,SIMON NORTH,2006,3,0.99,26.99,2006-02-15T05:03:42Z
FILM-800,SINNERS ATLANTIS,2006,7,2.99,19.99,2006-02-15T05:03:42Z
FILM-801,SISTER FREDDY,2006,5,4.99,19.99,2006-02-15T05:03:42Z
FILM-802,SKY MIRACLE,2006,7,2.99,15.99,2006-02-15T05:03:42Z
FILM-803,SLACKER LIAISONS,2006,7,4.99,29.99,2006-02-15T05:03:42Z
FILM-804,SLEEPING SUSPECTS,2006,7,4.99,13.99,2006-02-15T05:03:42Z
FILM-805,SLEEPLESS MONSOON,2006,5,4.99,12.99,2006-02-15T05:03:42Z
FILM-806,SLEEPY JAPANESE,2006,4,2.99,25.99,2006-02-15T05:03:42Z
FILM-807,SLEUTH ORIENT,2006,4,0.99,25.99,2006-02-15T05:03:42Z
FILM-808,SLING LUKE,2006,5,0.99,10.99,2006-02-15T05:03:42Z
FILM-809,SLIPPER FIDELITY,2006,5,0.99,14.99,2006-02-15T05:03:42Z
FILM-810,SLUMS DUCK,2006,5,0.99,21.99,2006-02-15T05:03:42Z
FILM-811,SMILE EARRING,2006,4,2.99,29.99,2006-02-15T05:03:42Z
FILM-812,SMOKING BARBARELLA,2006,7,0.99,13.99,2006-02-15T05:03:42Z
FILM-813,SMOOCHY CONTROL,2006,7,0.99,18.99,2006-02-15T05:03:42Z
FILM-814,SNATCH SLIPPER,2006,6,4.99,15.99,2006-02-15T05:03:42Z
FILM-815,SNATCHERS MONTEZUMA,2006,4,2.99,14.99,2006-02-15T05:03:42Z
FILM-816,SNOWMAN ROLLERCOASTER,2006,3,0.99,27.99,2006-02-15T05:03:42Z
FILM-817,SOLDIERS EVOLUTION,2006,7,4.99,27.99,2006-02-15T05:03:42Z
FILM-818,SOMETHING DUCK,2006,4,4.99,17.99,2006-02-15T05:03:42Z
FILM-819,SONG HEDWIG,2006,3,0.99,29.99,2006-02-15T05:03:42Z
FILM-820,SONS INTERVIEW,2006,3,2.99,11.99,2006-02-15T05:03:42Z
FILM-821,SORORITY QUEEN,2006,6,0.99,17.99,2006-02-15T05:03:42Z
FILM-822,SOUP WISDOM,2006,6,0.99,12.99,2006-02-15T05:03:42Z
FILM-823,SOUTH WAIT,2006,4,2.99,21.99,2006-02-15T05:03:42Z
FILM-824,SPARTACUS CHEAPER,2006,4,4.99,19.99,2006-02-15T05:03:42Z
FILM-825,SPEAKEASY DATE,2006,6,2.99,22.99,2006-02-15T05:03:42Z
FILM-826,SPEED SUIT,2006,7,4.99,19.99,2006-02-15T05:03:42Z
FILM-827,SPICE SORORITY,2006,5,4.99,22.99,2006-02-15T05:03:42Z
FILM-828,SPIKING ELEMENT,2006,7,2.99,12.99,2006-02-15T05:03:42Z
FILM-829,SPINAL ROCKY,2006,7,2.99,12.99,2006-02-15T05:03:42Z
FILM-830,SPIRIT FLINTSTONES,2006,7,0.99,23.99,2006-02-15T05:03:42Z
FILM-831,SPIRITED CASUALTIES,2006,5,0.99,20.99,2006-02-15T05:03:42Z
FILM-832,SPLASH GUMP,2006,5,0.99,16.99,2006-02-15T05:03:42Z
FILM-833,SPLENDOR PATTON,2006,5,0.99,20.99,2006-02-15T05:03:42Z
FILM-834,SPOILERS HELLFIGHTERS,2006,4,0.99,26.99,2006-02-15T05:03:42Z
FILM-835,SPY MILE,2006,6,2.99,13.99,2006-02-15T05:03:42Z
FILM-836,SQUAD FISH,2006,3,2.99,14.99,2006-02-15T05:03:42Z
FILM-837,STAGE WORLD,2006,4,2.99,19.99,2006-02-15T05:03:42Z
FILM-838,STAGECOACH ARMAGEDDON,2006,5,4.99,25.99,2006-02-15T05:03:42Z
FILM-839,STALLION SUNDANCE,2006,5,0.99,23.99,2006-02-15T05:03:42Z
FILM-840,STAMPEDE DISTURBING,2006,5,0.99,26.99,2006-02-15T05:03:42Z
FILM-841,STAR OPERATION,2006,5,2.99,9.99,2006-02-15T05:03:42Z
FILM-842,STATE WASTELAND,2006,4,2.99,13.99,2006-02-15T05:03:42Z
FILM-843,STEEL SANTA,2006,4,4.99,15.99,2006-02-15T05:03:42Z
FILM-844,STEERS ARMAGEDDON,2006,6,4.99,16.99,2006-02-15T05:03:42Z
FILM-845,STEPMOM DREAM,2006,7,4.99,9.99,2006-02-15T05:03:42Z
FILM-846,STING PERSONAL,2006,3,4.99,9.99,2006-02-15T05:03:42Z
FILM-847,STOCK GLASS,2006,7,2.99,10.99,2006-02-15T05:03:42Z
FILM-848,STONE FIRE,2006,3,0.99,19.99,2006-02-15T05:03:42Z
FILM-849,STORM HAPPINESS,2006,6,0.99,28.99,2006-02-15T05:03:42Z
FILM-850,STORY SIDE,2006,7,0.99,27.99,2006-02-15T05:03:42Z
FILM-851,STRAIGHT HOURS,2006,3,0.99,19.99,2006-02-15T05:03:42Z
FILM-852,STRANGELOVE DESIRE,2006,4,0.99,27.99,2006-02-15T05:03:42Z
FILM-853,STRANGER STRANGERS,2006,3,4.99,12.99,2006-02-15T05:03:42Z
FILM-854,STRANGERS GRAFFITI,2006,4,4.99,22.99,2006-02-15T05:03:42Z
FILM-855,STREAK RIDGEMONT,2006,7,0.99,28.99,2006-02-15T05:03:42Z
FILM-856,STREETCAR INTENTIONS,2006,5,4.99,11.99,2006-02-15T05:03:42Z
FILM-857,STRICTLY SCARFACE,2006,3,2.99,24.99,2006-02-15T05:03:42Z
FILM-858,SUBMARINE BED,2006,5,4.99,21.99,2006-02-15T05:03:42Z
FILM-859,SUGAR WONKA,2006,3,4.99,20.99,2006-02-15T05:03:42Z
FILM-860,SUICIDES SILENCE,2006,4,4.99,13.99,2006-02-15T05:03:42Z
FILM-861,SUIT WALLS,2006,3,4.99,12.99,2006-02-15T05:03:42Z
FILM-862,SUMMER SCARFACE,2006,5,0.99,25.99,2006-02-15T05:03:42Z
FILM-863,SUN CONFESSIONS,2006,5,0.99,9.99,2006-02-15T05:03:42Z
FILM-864,SUNDANCE INVASION,2006,5,0.99,21.99,2006-02-15T05:03:42Z
FILM-865,SUNRISE LEAGUE,2006,3,4.99,19.99,2006-02-15T05:03:42Z
FILM-866,SUNSET RACER,2006,6,0.99,28.99,2006-02-15T05:03:42Z
FILM-867,SUPER WYOMING,2006,5,4.99,10.99,2006-02-15T05:03:42Z
FILM-868,SUPERFLY TRIP,2006,5,0.99,27.99,2006-02-15T05:03:42Z
FILM-869,SUSPECTS QUILLS,2006,4,2.99,22.99,2006-02-15T05:03:42Z
FILM-870,SWARM GOLD,2006,4,0.99,12.99,2006-02-15T05:03:42Z
FILM-871,SWEDEN SHINING,2006,6,4.99,19.99,2006-02-15T05:03:42Z
FILM-872,SWEET BROTHERHOOD,2006,3,2.99,27.99,2006-02-15T05:03:42Z
FILM-873,SWEETHEARTS SUSPECTS,2006,3,0.99,13.99,2006-02-15T05:03:42Z
FILM-874,TADPOLE PARK,2006,6,2.99,13.99,2006-02-15T05:03:42Z
FILM-875,TALENTED HOMICIDE,2006,6,0.99,9.99,2006-02-15T05:03:42Z
FILM-876,TARZAN VIDEOTAPE,2006,3,2.99,11.99,2006-02-15T05:03:42Z
FILM-877,TAXI KICK,2006,4,0.99,23.99,2006-02-15T05:03:42Z
FILM-878,TEEN APOLLO,2006,3,4.99,25.99,2006-02-15T05:03:42Z
FILM-879,TELEGRAPH VOYAGE,2006,3,4.99,20.99,2006-02-15T05:03:42Z
FILM-880,TELEMARK HEARTBREAKERS,2006,6,2.99,9.99,2006-02-15T05:03:42Z
FILM-881,TEMPLE ATTRACTION,2006,5,4.99,13.99,2006-02-15T05:03:42Z
FILM-882,TENENBAUMS COMMAND,2006,4,0.99,24.99,2006-02-15T05:03:42Z
FILM-883,TEQUILA PAST,2006,6,4.99,17.99,2006-02-15T05:03:42Z
FILM-884,TERMINATOR CLUB,2006,5,4.99,11.99,2006-02-15T05:03:42Z
FILM-885,TEXAS WATCH,2006,7,0.99,22.99,2006-02-15T05:03:42Z
FILM-886,THEORY MERMAID,2006,5,0.99,9.99,2006-02-15T05:03:42Z
FILM-887,THIEF PELICAN,2006,5,4.99,28.99,2006-02-15T05:03:42Z
FILM-888,THIN SAGEBRUSH,2006,5,4.99,9.99,2006-02-15T05:03:42Z
FILM-889,TIES HUNGER,2006,3,4.99,28.99,2006-02-15T05:03:42Z
FILM-890,TIGHTS DAWN,2006,5,0.99,14.99,2006-02-15T05:03:42Z
FILM-891,TIMBERLAND SKY,2006,3,0.99,13.99,2006-02-15T05:03:42Z
FILM-892,TITANIC BOONDOCK,2006,3,4.99,18.99,2006-02-15T05:03:42Z
FILM-893,TITANS JERK,2006,4,4.99,11.99,2006-02-15T05:03:42Z
FILM-894,TOMATOES HELLFIGHTERS,2006,6,0.99,23.99,2006-02-15T05:03:42Z
FILM-895,TOMORROW HUSTLER,2006,3,2.99,21.99,2006-02-15T05:03:42Z
FILM-896,TOOTSIE PILOT,2006,3,0.99,10.99,2006-02-15T05:03:42Z
FILM-897,TORQUE BOUND,2006,3,4.99,27.99,2006-02-15T05:03:42Z
FILM-898,TOURIST PELICAN,2006,4,4.99,18.99,2006-02-15T05:03:42Z
FILM-899,TOWERS HURRICANE,2006,7,0.99,14.99,2006-02-15T05:03:42Z
FILM-900,TOWN ARK,2006,6,2.99,17.99,2006-02-15T05:03:42Z
FILM-901,TRACY CIDER,2006,3,0.99,29.99,2006-02-15T05:03:42Z
FILM-902,TRADING PINOCCHIO,2006,6,4.99,22.99,2006-02-15T05:03:42Z
FILM-903,TRAFFIC HOBBIT,2006,5,4.99,13.99,2006-02-15T05:03:42Z
FILM-904,TRAIN BUNCH,2006,3,4.99,26.99,2006-02-15T05:03:42Z
FILM-905,TRAINSPOTTING STRANGERS,2006,7,4.99,10.99,2006-02-15T05:03:42Z
FILM-906,TRAMP OTHERS,2006,4,0.99,27.99,2006-02-15T05:03:42Z
FILM-907,TRANSLATION SUMMER,2006,4,0.99,10.99,2006-02-15T05:03:42Z
FILM-908,TRAP GUYS,2006,3,4.99,11.99,2006-02-15T05:03:42Z
FILM-909,TREASURE COMMAND,2006,3,0.99,28.99,2006-02-15T05:03:42Z
FILM-910,TREATMENT JEKYLL,2006,3,0.99,19.99,2006-02-15T05:03:42Z
FILM-911,TRIP NEWTON,2006,7,4.99,14.99,2006-02-15T05:03:42Z
FILM-912,TROJAN TOMORROW,2006,3,2.99,9.99,2006-02-15T05:03:42Z
FILM-913,TROOPERS METAL,2006,3,0.99,20.99,2006-02-15T05:03:42Z
FILM-914,TROUBLE DATE,2006,6,2.99,13.99,2006-02-15T05:03:42Z
FILM-915,TRUMAN CRAZY,2006,7,4.99,9.99,2006-02-15T05:03:42Z
FILM-916,TURN STAR,2006,3,2.99,10.99,2006-02-15T05:03:42Z
FILM-917,TUXEDO MILE,2006,3,2.99,24.99,2006-02-15T05:03:42Z
FILM-918,TWISTED PIRATES,2006,4,4.99,23.99,2006-02-15T05:03:42Z
FILM-919,TYCOON GATHERING,2006,3,4.99,17.99,2006-02-15T05:03:42Z
FILM-920,UNBREAKABLE KARATE,2006,3,0.99,16.99,2006-02-15T05:03:42Z
FILM-921,UNCUT SUICIDES,2006,7,2.99,29.99,2006-02-15T05:03:42Z
FILM-922,UNDEFEATED DALMATIONS,2006,7,4.99,22.99,2006-02-15T05:03:42Z
FILM-923,UNFAITHFUL KILL,2006,7,2.99,12.99,2006-02-15T05:03:42Z
FILM-924,UNFORGIVEN ZOOLANDER,2006,7,0.99,15.99,2006-02-15T05:03:42Z
FILM-925,UNITED PILOT,2006,3,0.99,27.99,2006-02-15T05:03:42Z
FILM-926,UNTOUCHABLES SUNRISE,2006,5,2.99,11.99,2006-02-15T05:03:42Z
FILM-927,UPRISING UPTOWN,2006,6,2.99,16.99,2006-02-15T05:03:42Z
FILM-928,UPTOWN YOUNG,2006,5,2.99,16.99,2006-02-15T05:03:42Z
FILM-929,USUAL UNTOUCHABLES,2006,5,4.99,21.99,2006-02-15T05:03:42Z
FILM-930,VACATION BOONDOCK,2006,4,2.99,23.99,2006-02-15T05:03:42Z
FILM-931,VALENTINE VANISHING,2006,7,0.99,9.99,2006-02-15T05:03:42Z
FILM-932,VALLEY PACKER,2006,3,0.99,21.99,2006-02-15T05:03:42Z
FILM-933,VAMPIRE WHALE,2006,4,4.99,11.99,2006-02-15T05:03:42Z
FILM-934,VANILLA DAY,2006,7,4.99,20.99,2006-02-15T05:03:42Z
FILM-935,VANISHED GARDEN,2006,5,0.99,17.99,2006-02-15T05:03:42Z
FILM-936,VANISHING ROCKY,2006,3,2.99,21.99,2006-02-15T05:03:42Z
FILM-937,VARSITY TRIP,2006,7,2.99,14.99,2006-02-15T05:03:42Z
FILM-938,VELVET TERMINATOR,2006,3,4.99,14.99,2006-02-15T05:03:42Z
FILM-939,VERTIGO NORTHWEST,2006,4,2.99,17.99,2006-02-15T05:03:42Z
FILM-940,VICTORY ACADEMY,2006,6,0.99,19.99,2006-02-15T05:03:42Z
FILM-941,VIDEOTAPE ARSENIC,2006,4,4.99,10.99,2006-02-15T05:03:42Z
FILM-942,VIETNAM SMOOCHY,2006,7,0.99,27.99,2006-02-15T05:03:42Z
FILM-943,VILLAIN DESPERATE,2006,4,4.99,27.99,2006-02-15T05:03:42Z
FILM-944,VIRGIN DAISY,2006,6,4.99,29.99,2006-02-15T05:03:42Z
FILM-945,VIRGINIAN PLUTO,2006,5,0.99,22.99,2006-02-15T05:03:42Z
FILM-946,VIRTUAL SPOILERS,2006,3,4.99,14.99,2006-02-15T05:03:42Z
FILM-947,VISION TORQUE,2006,5,0.99,16.99,2006-02-15T05:03:42Z
FILM-948,VOICE PEACH,2006,6,0.99,22.99,2006-02-15T05:03:42Z
FILM-949,VOLCANO TEXAS,2006,6,0.99,27.99,2006-02-15T05:03:42Z
FILM-950,VOLUME HOUSE,2006,7,4.99,12.99,2006-02-15T05:03:42Z
FILM-951,VOYAGE LEGALLY,2006,6,0.99,28.99,2006-02-15T05:03:42Z
FILM-952,WAGON JAWS,2006,7,2.99,17.99,2006-02-15T05:03:42Z
FILM-953,WAIT CIDER,2006,3,0.99,9.99,2006-02-15T05:03:42Z
FILM-954,WAKE JAWS,2006,7,4.99,18.99,2006-02-15T05:03:42Z
FILM-955,WALLS ARTIST,2006,7,4.99,19.99,2006-02-15T05:03:42Z
FILM-956,WANDA CHAMBER,2006,7,4.99,23.99,2006-02-15T05:03:42Z
FILM-957,WAR NOTTING,2006,7,4.99,26.99,2006-02-15T05:03:42Z
FILM-958,WARDROBE PHANTOM,2006,6,2.99,19.99,2006-02-15T05:03:42Z
FILM-959,WARLOCK WEREWOLF,2006,6,2.99,10.99,2006-02-15T05:03:42Z
FILM-960,WARS PLUTO,2006,5,2.99,15.99,2006-02-15T05:03:42Z
FILM-961,WASH HEAVENLY,2006,7,4.99,22.99,2006-02-15T05:03:42Z
FILM-962,WASTELAND DIVINE,2006,7,2.99,18.99,2006-02-15T05:03:42Z
FILM-963,WATCH TRACY,2006,5,0.99,12.99,2006-02-15T05:03:42Z
FILM-964,WATERFRONT DELIVERANCE,2006,4,4.99,17.99,2006-02-15T05:03:42Z
FILM-965,WATERSHIP FRONTIER,2006,6,0.99,28.99,2006-02-15T05:03:42Z
FILM-966,WEDDING APOLLO,2006,3,0.99,14.99,2006-02-15T05:03:42Z
FILM-967,WEEKEND PERSONAL,2006,5,2.99,26.99,2006-02-15T05:03:42Z
FILM-968,WEREWOLF LOLA,2006,6,4.99,19.99,2006-02-15T05:03:42Z
FILM-969,WEST LION,2006,4,4.99,29.99,2006-02-15T05:03:42Z
FILM-970,WESTWARD SEABISCUIT,2006,7,0.99,11.99,2006-02-15T05:03:42Z
FILM-971,WHALE BIKINI,2006,4,4.99,11.99,2006-02-15T05:03:42Z
FILM-972,WHISPERER GIANT,2006,4,4.99,24.99,2006-02-15T05:03:42Z
FILM-973,WIFE TURN,2006,3,4.99,27.99,2006-02-15T05:03:42Z
FILM-974,WILD APOLLO,2006,4,0.99,24.99,2006-02-15T05:03:42Z
FILM-975,WILLOW TRACY,2006,6,2.99,22.99,2006-02-15T05:03:42Z
FILM-976,WIND PHANTOM,2006,6,0.99,12.99,2006-02-15T05:03:42Z
FILM-977,WINDOW SIDE,2006,3,2.99,25.99,2006-02-15T05:03:42Z
FILM-978,WISDOM WORKER,2006,3,0.99,12.99,2006-02-15T05:03:42Z
FILM-979,WITCHES PANIC,2006,6,4.99,10.99,2006-02-15T05:03:42Z
FILM-980,WIZARD COLDBLOODED,2006,4,4.99,12.99,2006-02-15T05:03:42Z
FILM-981,WOLVES DESIRE,2006,7,0.99,13.99,2006-02-15T05:03:42Z
FILM-982,WOMEN DORADO,2006,4,0.99,23.99,2006-02-15T05:03:42Z
FILM-983,WON DARES,2006,7,2.99,18.99,2006-02-15T05:03:42Z
FILM-984,WONDERFUL DROP,2006,3,2.99,20.99,2006-02-15T05:03:42Z
FILM-985,WONDERLAND CHRISTMAS,2006,4,4.99,19.99,2006-02-15T05:03:42Z
FILM-986,WONKA SEA,2006,6,2.99,24.99,2006-02-15T05:03:42Z
FILM-987,WORDS HUNTER,2006,3,2.99,13.99,2006-02-15T05:03:42Z
FILM-988,WORKER TARZAN,2006,7,2.99,26.99,2006-02-15T05:03:42Z
FILM-989,WORKING MICROCOSMOS,2006,4,4.99,22.99,2006-02-15T05:03:42Z
FILM-990,WORLD LEATHERNECKS,2006,3,0.99,13.99,2006-02-15T05:03:42Z
FILM-991,WORST BANGER,2006,4,2.99,26.99,2006-02-15T05:03:42Z
FILM-992,WRATH MILE,2006,5,0.99,17.99,2006-02-15T05:03:42Z
FILM-993,WRONG BEHAVIOR,2006,6,2.99,10.99,2006-02-15T05:03:42Z
FILM-994,WYOMING STORM,2006,6,4.99,29.99,2006-02-15T05:03:42Z
FILM-995,YENTL IDAHO,2006,5,4.99,11.99,2006-02-15T05:03:42Z
FILM-996,YOUNG LANGUAGE,2006,6,0.99,9.99,2006-02-15T05:03:42Z
FILM-997,YOUTH KICK,2006,4,0.99,14.99,2006-02-15T05:03:42Z
FILM-998,ZHIVAGO CORE,2006,6,0.99,10.99,2006-02-15T05:03:42Z
FILM-999,ZOOLANDER FICTION,2006,5,2.99,28.99,2006-02-15T05:03:42Z
FILM-1000,ZORRO ARK,2006,3,4.99,18.99,2006-02-15T05:03:42Z
